Rk,Player,Pos,Age,Tm,G,GS,MP,FG,FGA,FG%,3P,3PA,3P%,2P,2PA,2P%,eFG%,FT,FTA,FT%,ORB,DRB,TRB,AST,STL,BLK,TOV,PF,PTS
1,Precious Achiuwa,C,22,TOR,35,20,25.0,3.3,8.0,.412,0.3,1.2,.233,3.0,6.7,.445,.430,0.9,1.6,.571,2.3,5.2,7.5,1.2,0.6,0.6,1.0,2.2,7.8
2,Steven Adams,C,28,MEM,45,44,25.8,2.5,4.9,.516,0.0,0.0,0,2.5,4.9,.516,.516,1.6,2.8,.571,4.3,5.0,9.3,3.0,1.0,0.6,1.5,1.7,6.7
3,Bam Adebayo,C,24,MIA,22,22,32.9,6.9,13.2,.521,0.0,0.0,.000,6.9,13.1,.522,.521,4.7,6.1,.770,2.5,7.3,9.9,3.3,1.3,0.5,3.0,3.2,18.5
4,Santi Aldama,PF,21,MEM,26,0,10.6,1.4,3.7,.381,0.2,1.5,.103,1.3,2.2,.569,.402,0.5,0.8,.600,0.9,1.5,2.4,0.5,0.1,0.3,0.3,1.0,3.5
5,LaMarcus Aldridge,C,36,BRK,33,10,22.9,5.8,10.3,.569,0.4,1.1,.333,5.5,9.2,.597,.587,1.5,1.8,.862,1.5,4.0,5.5,0.9,0.4,1.1,0.9,1.8,13.6
6,Nickeil Alexander-Walker,SG,23,NOP,43,18,26.7,4.7,12.8,.368,1.9,6.2,.307,2.8,6.6,.426,.443,1.3,1.8,.727,0.8,2.6,3.3,2.7,0.8,0.3,1.6,1.8,12.7
7,Grayson Allen,SG,26,MIL,41,40,28.1,4.1,9.6,.423,2.6,6.7,.391,1.5,3.0,.496,.558,1.0,1.2,.857,0.5,2.9,3.4,1.3,0.8,0.4,0.6,1.5,11.8
8,Jarrett Allen,C,23,CLE,40,40,32.7,6.7,9.6,.695,0.0,0.2,.125,6.6,9.4,.707,.696,2.9,4.3,.684,3.4,7.6,11.0,1.9,0.8,1.4,1.9,1.8,16.3
9,Jose Alvarado,PG,23,NOP,19,0,9.4,1.1,3.1,.356,0.4,1.5,.250,0.7,1.6,.452,.415,0.5,0.8,.667,0.3,0.6,0.9,1.5,1.0,0.1,0.2,1.1,3.1
10,Justin Anderson,SF,28,TOT,6,0,12.8,1.0,3.2,.316,0.5,2.5,.200,0.5,0.7,.750,.395,1.0,1.2,.857,0.3,1.3,1.7,1.5,0.3,0.2,0.5,1.5,3.5
10,Justin Anderson,SF,28,CLE,3,0,15.7,1.3,2.7,.500,0.7,2.0,.333,0.7,0.7,1.000,.625,1.0,1.3,.750,0.0,2.0,2.0,2.0,0.3,0.0,0.7,1.3,4.3
10,Justin Anderson,SF,28,IND,3,0,10.0,0.7,3.7,.182,0.3,3.0,.111,0.3,0.7,.500,.227,1.0,1.0,1.000,0.7,0.7,1.3,1.0,0.3,0.3,0.3,1.7,2.7
11,Kyle Anderson,PF,28,MEM,38,8,22.4,3.2,7.4,.436,0.7,1.9,.351,2.6,5.5,.466,.482,1.0,1.6,.661,0.9,4.4,5.3,2.6,1.1,0.6,1.1,1.5,8.2
12,Giannis Antetokounmpo,PF,27,MIL,39,39,32.7,9.9,18.7,.531,1.1,3.8,.282,8.8,14.9,.595,.560,7.7,10.8,.714,1.8,9.5,11.3,6.0,1.0,1.5,3.5,3.3,28.6
13,Thanasis Antetokounmpo,SF,29,MIL,28,5,11.9,1.4,2.9,.463,0.0,0.4,.091,1.3,2.5,.521,.470,0.5,0.9,.625,1.1,1.7,2.8,0.7,0.5,0.3,0.6,1.9,3.3
14,Carmelo Anthony,PF,37,LAL,44,3,26.8,4.6,10.5,.433,2.3,6.0,.389,2.3,4.6,.490,.543,1.9,2.4,.817,0.9,3.3,4.2,1.0,0.7,0.8,0.8,2.3,13.4
15,Cole Anthony,PG,21,ORL,34,34,33.1,6.2,15.7,.394,2.3,7.1,.329,3.9,8.6,.447,.468,3.3,4.0,.831,0.6,5.4,6.0,5.8,0.8,0.3,2.7,2.7,18.0
16,OG Anunoby,SF,24,TOR,29,29,36.7,6.9,16.0,.429,2.5,7.3,.340,4.4,8.7,.504,.506,2.4,3.1,.769,1.5,3.8,5.3,2.4,1.7,0.5,1.7,3.0,18.6
17,Trevor Ariza,SF,36,LAL,13,6,18.8,1.2,3.5,.333,0.9,2.9,.316,0.2,0.5,.429,.467,0.2,0.3,.500,0.3,3.1,3.4,1.2,0.5,0.2,0.5,0.5,3.4
18,D.J. Augustin,PG,34,HOU,33,2,15.0,1.7,4.0,.414,1.2,2.8,.415,0.5,1.2,.410,.560,1.0,1.2,.868,0.2,1.0,1.2,2.2,0.3,0.0,1.3,0.5,5.5
19,Deni Avdija,SF,21,WAS,47,6,22.6,2.7,6.1,.444,0.9,2.8,.305,1.9,3.3,.561,.514,1.0,1.4,.731,0.7,4.0,4.7,1.6,0.8,0.6,0.9,2.3,7.3
20,Joel Ayayi,SG,21,WAS,7,0,2.9,0.1,0.9,.167,0.0,0.1,.000,0.1,0.7,.200,.167,0.0,0.0,0,0.1,0.3,0.4,0.6,0.0,0.0,0.0,0.0,0.3
Rk,Player,Pos,Age,Tm,G,GS,MP,FG,FGA,FG%,3P,3PA,3P%,2P,2PA,2P%,eFG%,FT,FTA,FT%,ORB,DRB,TRB,AST,STL,BLK,TOV,PF,PTS
21,Deandre Ayton,C,23,PHO,28,28,29.9,7.3,11.5,.637,0.1,0.3,.250,7.3,11.2,.646,.640,2.0,2.9,.713,2.8,7.8,10.6,1.5,0.8,0.8,1.7,2.2,16.8
22,Udoka Azubuike,C,22,UTA,8,1,6.8,0.6,1.0,.625,0.0,0.0,0,0.6,1.0,.625,.625,0.1,0.3,.500,0.3,1.3,1.5,0.0,0.1,0.5,0.6,0.6,1.4
23,Marvin Bagley III,PF,22,SAC,27,14,22.0,3.9,8.3,.462,0.5,2.1,.246,3.3,6.2,.536,.493,1.3,1.7,.745,2.3,4.9,7.3,0.6,0.3,0.3,0.7,1.7,9.5
24,LaMelo Ball,PG,20,CHO,40,40,31.8,6.9,16.5,.416,2.6,7.3,.361,4.3,9.3,.459,.495,2.6,3.0,.890,1.7,5.6,7.3,7.6,1.6,0.5,3.1,3.0,19.0
25,Lonzo Ball,PG,24,CHI,35,35,34.6,4.6,10.9,.423,3.1,7.4,.423,1.5,3.5,.423,.567,0.6,0.8,.750,1.0,4.4,5.4,5.1,1.8,0.9,2.3,2.4,13.0
26,Mo Bamba,C,23,ORL,37,35,27.0,4.0,8.8,.460,1.4,3.8,.355,2.7,4.9,.541,.537,0.8,1.0,.778,2.2,5.9,8.1,1.5,0.7,2.1,1.4,2.7,10.2
27,Desmond Bane,SF,23,MEM,45,45,29.9,6.7,14.3,.470,2.9,6.9,.420,3.8,7.4,.517,.572,1.4,1.6,.886,0.5,3.9,4.4,2.4,1.1,0.5,1.5,2.4,17.7
28,Dalano Banton,SF,22,TOR,34,1,11.7,1.5,3.6,.410,0.2,0.8,.286,1.2,2.8,.447,.443,0.5,0.7,.750,0.6,1.5,2.1,1.7,0.4,0.1,1.1,1.2,3.7
29,Cat Barber,PG,27,ATL,3,0,4.3,0.0,1.3,.000,0.0,0.0,0,0.0,1.3,.000,.000,0.0,1.3,.000,0.3,0.7,1.0,1.0,0.0,0.0,0.3,0.3,0.0
30,Harrison Barnes,PF,29,SAC,43,43,33.6,5.1,11.2,.457,2.1,5.0,.418,3.0,6.2,.489,.550,4.3,5.1,.828,1.1,4.9,6.0,2.4,0.7,0.2,1.6,1.3,16.6
31,Scottie Barnes,PF,20,TOR,37,37,35.4,5.9,12.5,.469,0.8,2.6,.306,5.1,9.9,.512,.501,2.1,2.9,.720,2.8,5.0,7.8,3.4,1.0,0.9,1.9,2.9,14.6
32,RJ Barrett,SF,21,NYK,41,41,32.6,6.2,14.9,.419,1.9,5.4,.354,4.3,9.4,.456,.484,3.0,4.4,.687,0.8,5.0,5.9,2.6,0.5,0.3,1.9,2.0,17.4
33,Will Barton,SG,31,DEN,40,40,32.7,5.8,13.4,.434,2.4,6.4,.370,3.5,7.0,.491,.521,1.3,1.7,.788,0.6,4.2,4.8,4.2,0.8,0.5,1.8,1.4,15.3
34,Paris Bass,SF,26,PHO,2,0,3.5,1.0,3.0,.333,0.0,1.0,.000,1.0,2.0,.500,.333,1.0,1.0,1.000,1.0,1.0,2.0,0.0,0.5,0.0,1.0,1.0,3.0
35,Charles Bassey,PF,21,PHI,21,0,7.2,1.3,1.9,.675,0.0,0.2,.000,1.3,1.7,.750,.675,0.4,0.5,.727,0.9,1.8,2.7,0.3,0.2,0.7,0.3,1.4,3.0
36,Keita Bates-Diop,SF,26,SAS,39,12,17.3,2.3,4.6,.494,0.3,1.1,.317,1.9,3.5,.547,.531,0.7,1.1,.690,1.2,3.1,4.2,0.6,0.4,0.3,0.7,1.0,5.6
37,Nicolas Batum,PF,33,LAC,28,24,26.0,3.3,6.8,.492,2.0,5.0,.407,1.3,1.8,.735,.643,0.5,0.8,.682,0.4,4.3,4.7,1.6,1.1,0.8,0.9,1.5,9.2
38,Kent Bazemore,SF,32,LAL,25,14,16.6,1.4,4.2,.330,0.8,2.3,.351,0.6,2.0,.306,.425,0.4,0.5,.769,0.3,1.7,2.0,0.9,0.8,0.2,0.4,2.1,4.0
39,Darius Bazley,PF,21,OKC,42,29,25.7,3.3,8.4,.388,0.9,3.5,.260,2.4,4.9,.478,.442,1.4,2.0,.687,1.0,5.2,6.3,1.1,0.7,1.2,1.3,1.0,8.8
40,Bradley Beal,SG,28,WAS,38,38,35.9,8.9,19.6,.454,1.6,5.4,.299,7.3,14.2,.512,.495,4.2,5.0,.837,1.0,3.7,4.7,6.5,0.9,0.4,3.4,2.3,23.6
Rk,Player,Pos,Age,Tm,G,GS,MP,FG,FGA,FG%,3P,3PA,3P%,2P,2PA,2P%,eFG%,FT,FTA,FT%,ORB,DRB,TRB,AST,STL,BLK,TOV,PF,PTS
41,Malik Beasley,SG,25,MIN,46,9,26.7,4.4,11.7,.374,3.0,8.5,.349,1.4,3.2,.442,.501,0.5,0.6,.724,0.4,2.7,3.1,1.6,0.5,0.1,0.7,1.2,12.2
42,Jordan Bell,C,27,CHI,1,0,2.0,0.0,0.0,0,0.0,0.0,0,0.0,0.0,0,0,0.0,0.0,0,1.0,0.0,1.0,0.0,1.0,0.0,0.0,2.0,0.0
43,DeAndre' Bembry,SF,27,BRK,40,16,19.2,2.4,4.1,.579,0.3,0.7,.429,2.1,3.4,.610,.616,0.4,0.7,.586,0.7,2.4,3.1,1.2,1.0,0.5,0.6,2.0,5.5
44,Dāvis Bertāns,PF,29,WAS,32,0,15.3,1.8,5.3,.351,1.4,4.4,.324,0.4,0.8,.500,.488,0.8,0.9,.931,0.2,1.7,1.9,0.5,0.3,0.2,0.4,1.6,6.0
45,Patrick Beverley,PG,33,MIN,32,28,26.1,3.1,7.6,.407,1.2,3.9,.312,1.9,3.7,.508,.488,1.3,1.9,.689,1.2,3.3,4.5,5.0,1.2,0.9,1.2,2.8,8.7
46,Saddiq Bey,SF,22,DET,46,46,33.5,5.2,13.7,.382,2.4,7.2,.333,2.8,6.4,.436,.470,2.2,2.7,.837,1.3,4.7,5.9,2.5,0.9,0.2,1.4,1.8,15.1
47,Khem Birch,C,29,TOR,23,7,21.0,2.2,4.5,.495,0.0,0.3,.000,2.2,4.1,.537,.495,1.3,1.8,.738,2.7,2.5,5.2,1.2,0.8,0.5,0.7,1.7,5.8
48,Goga Bitadze,C,22,IND,28,3,10.4,1.5,3.7,.413,0.2,1.4,.158,1.3,2.4,.561,.442,0.9,1.5,.634,1.3,1.5,2.9,0.5,0.4,0.6,0.6,1.6,4.2
49,Bismack Biyombo,C,29,PHO,9,0,21.4,4.4,6.3,.702,0.0,0.0,0,4.4,6.3,.702,.702,1.9,3.3,.567,3.2,4.3,7.6,1.3,0.8,1.2,0.9,2.2,10.8
50,Nemanja Bjelica,C,33,GSW,47,0,15.3,2.3,5.2,.447,0.9,2.5,.345,1.5,2.8,.538,.528,0.8,1.2,.696,0.9,3.1,4.0,1.7,0.6,0.4,1.1,1.6,6.4
51,Eric Bledsoe,PG,32,LAC,48,29,25.7,3.6,8.6,.420,1.0,3.0,.324,2.7,5.7,.471,.476,1.6,2.1,.757,0.5,2.8,3.4,4.2,1.3,0.4,2.2,1.5,9.8
52,Keljin Blevins,SF,26,POR,6,0,6.0,0.7,1.8,.364,0.7,1.5,.444,0.0,0.3,.000,.545,0.0,0.3,.000,0.0,0.5,0.5,0.3,0.0,0.0,0.5,0.2,2.0
53,Bogdan Bogdanović,SG,29,ATL,28,26,28.7,4.4,10.8,.412,2.2,6.3,.354,2.2,4.5,.492,.515,1.0,1.3,.771,0.3,3.4,3.8,2.6,0.7,0.2,1.0,1.9,12.0
54,Bojan Bogdanović,PF,32,UTA,46,46,30.8,6.2,13.2,.467,2.5,6.5,.387,3.7,6.8,.543,.562,3.3,3.8,.858,0.8,3.4,4.2,1.7,0.5,0.0,1.6,1.7,18.1
55,Bol Bol,PF,22,DEN,13,0,6.2,1.2,2.1,.556,0.1,0.3,.250,1.1,1.8,.609,.574,0.2,0.2,.667,0.3,1.2,1.5,0.4,0.1,0.2,0.3,0.3,2.5
56,Leandro Bolmaro,SF,21,MIN,24,2,7.8,0.4,1.3,.281,0.1,0.5,.167,0.3,0.8,.350,.313,0.3,0.4,.889,0.6,0.8,1.5,0.5,0.2,0.0,0.5,0.9,1.2
57,Isaac Bonga,SF,22,TOR,12,0,5.3,0.3,1.1,.231,0.1,0.3,.250,0.2,0.8,.222,.269,0.3,0.5,.667,0.3,0.3,0.6,0.3,0.6,0.2,0.2,0.8,0.9
58,Devin Booker,SG,25,PHO,39,39,33.3,8.8,20.2,.438,2.6,6.9,.378,6.2,13.3,.469,.503,4.2,4.9,.863,0.9,4.5,5.4,4.4,1.0,0.4,2.5,2.5,24.5
59,Brandon Boston Jr.,SG,20,LAC,31,0,16.5,2.5,6.9,.355,0.7,2.5,.291,1.7,4.4,.393,.409,1.3,1.5,.851,0.3,2.2,2.5,0.9,0.5,0.3,0.7,0.8,6.9
60,Chris Boucher,PF,29,TOR,42,7,19.9,3.3,7.4,.452,0.8,3.0,.278,2.5,4.4,.571,.508,1.8,2.4,.750,2.2,3.7,6.0,0.3,0.7,1.0,0.7,2.0,9.3
Rk,Player,Pos,Age,Tm,G,GS,MP,FG,FGA,FG%,3P,3PA,3P%,2P,2PA,2P%,eFG%,FT,FTA,FT%,ORB,DRB,TRB,AST,STL,BLK,TOV,PF,PTS
61,James Bouknight,SG,21,CHO,20,0,8.6,1.4,3.9,.364,0.6,1.6,.344,0.9,2.3,.378,.435,0.6,0.7,.846,0.7,0.8,1.5,0.9,0.1,0.0,0.4,0.8,3.9
62,Avery Bradley,SG,31,LAL,39,34,23.9,2.6,6.2,.426,1.4,3.7,.392,1.2,2.5,.475,.541,0.3,0.4,.857,0.5,1.9,2.4,0.9,0.9,0.2,0.6,1.8,7.0
63,Tony Bradley,C,24,CHI,33,7,12.0,1.6,2.8,.565,0.0,0.0,0,1.6,2.8,.565,.565,0.4,0.5,.765,1.3,2.8,4.1,0.6,0.2,0.7,0.7,1.4,3.5
64,Ignas Brazdeikis,SF,23,ORL,21,0,9.2,1.0,2.7,.351,0.4,1.3,.286,0.6,1.4,.414,.421,0.4,0.5,.800,0.4,1.0,1.4,0.7,0.2,0.0,0.3,1.0,2.7
65,Mikal Bridges,SF,25,PHO,46,46,34.1,4.8,9.5,.506,1.4,3.7,.375,3.5,5.9,.587,.577,1.0,1.2,.857,1.0,3.1,4.1,2.0,1.3,0.4,0.8,1.8,12.1
66,Miles Bridges,PF,23,CHO,45,45,36.0,7.6,15.7,.484,1.9,6.0,.320,5.7,9.7,.587,.546,2.9,3.8,.769,1.2,6.2,7.4,3.5,1.1,0.9,1.9,2.6,20.1
67,Oshae Brissett,SF,23,IND,37,1,18.9,2.4,5.6,.420,0.9,2.6,.337,1.5,3.0,.491,.498,0.8,1.3,.625,1.2,2.8,4.1,0.7,0.5,0.4,0.7,1.4,6.4
68,Malcolm Brogdon,PG,29,IND,28,28,33.4,6.6,14.7,.448,1.6,5.4,.307,4.9,9.3,.529,.504,3.8,4.4,.861,0.9,4.3,5.1,5.9,0.9,0.4,2.2,2.0,18.5
69,Armoni Brooks,SG,23,HOU,36,8,17.7,2.4,6.6,.363,1.8,5.6,.315,0.6,1.0,.622,.496,0.4,0.5,.842,0.3,1.8,2.1,1.4,0.6,0.2,0.5,1.6,7.0
70,Dillon Brooks,SF,26,MEM,21,20,28.0,6.9,16.2,.426,1.6,4.8,.327,5.3,11.4,.469,.475,3.0,3.4,.889,0.8,2.5,3.3,2.7,1.3,0.2,1.8,3.3,18.4
71,Bruce Brown,SF,25,BRK,37,18,21.3,2.8,5.7,.488,0.3,0.9,.294,2.5,4.8,.525,.512,0.7,0.9,.788,1.3,3.1,4.4,1.1,1.1,0.5,0.7,2.6,6.5
72,Charlie Brown Jr.,SG,24,TOT,12,2,13.1,0.8,2.9,.257,0.1,0.9,.091,0.7,2.0,.333,.271,0.6,0.7,.875,1.1,1.4,2.5,0.4,0.8,0.3,0.3,1.3,2.2
72,Charlie Brown Jr.,SG,24,DAL,3,0,5.0,0.3,1.7,.200,0.0,1.0,.000,0.3,0.7,.500,.200,0.0,0.0,0,0.0,0.3,0.3,0.3,0.7,0.3,0.0,0.7,0.7
72,Charlie Brown Jr.,SG,24,PHI,9,2,15.8,0.9,3.3,.267,0.1,0.9,.125,0.8,2.4,.318,.283,0.8,0.9,.875,1.4,1.8,3.2,0.4,0.8,0.3,0.4,1.4,2.7
73,Chaundee Brown Jr.,SG-SF,23,TOT,5,2,20.8,2.0,6.4,.313,1.2,3.6,.333,0.8,2.8,.286,.406,1.0,1.2,.833,0.2,3.0,3.2,0.8,0.4,0.0,0.2,1.4,6.2
73,Chaundee Brown Jr.,SF,23,LAL,2,0,10.5,0.5,3.5,.143,0.0,1.5,.000,0.5,2.0,.250,.143,0.0,0.0,0,0.0,1.0,1.0,0.0,0.0,0.0,0.5,0.0,1.0
73,Chaundee Brown Jr.,SG,23,ATL,3,2,27.7,3.0,8.3,.360,2.0,5.0,.400,1.0,3.3,.300,.480,1.7,2.0,.833,0.3,4.3,4.7,1.3,0.7,0.0,0.0,2.3,9.7
74,Greg Brown III,SF,20,POR,18,0,4.7,0.7,1.7,.419,0.0,0.3,.000,0.7,1.4,.520,.419,0.3,0.7,.462,0.4,0.8,1.2,0.3,0.1,0.2,0.3,0.6,1.8
75,Jaylen Brown,SF,25,BOS,34,34,34.7,8.6,19.1,.451,2.8,7.7,.361,5.8,11.4,.512,.524,3.8,4.9,.783,0.8,5.7,6.5,3.0,1.1,0.4,2.9,2.7,23.9
76,Moses Brown,C,22,DAL,25,1,6.6,1.1,2.0,.540,0.0,0.0,0,1.1,2.0,.540,.540,1.1,1.7,.628,0.6,1.7,2.4,0.0,0.1,0.3,0.6,1.1,3.2
77,Sterling Brown,SG,26,DAL,36,3,14.3,1.4,3.6,.398,0.8,2.2,.342,0.7,1.4,.490,.504,0.3,0.3,.909,0.6,2.9,3.5,0.8,0.3,0.1,0.6,1.2,3.9
78,Troy Brown Jr.,SF,22,CHI,35,3,16.6,1.7,4.2,.411,0.6,1.9,.324,1.1,2.2,.487,.486,0.5,0.6,.773,0.6,2.4,3.1,1.3,0.6,0.1,0.5,1.1,4.5
79,Jalen Brunson,PG,25,DAL,46,28,31.1,6.3,12.7,.500,1.0,2.9,.328,5.4,9.7,.551,.538,2.2,2.7,.802,0.6,3.2,3.8,5.5,1.0,0.0,1.7,1.8,15.8
80,Thomas Bryant,C,24,WAS,6,0,14.3,2.8,6.2,.459,0.7,2.3,.286,2.2,3.8,.565,.514,0.8,1.5,.556,1.3,1.8,3.2,0.7,0.3,0.5,0.2,1.5,7.2
Rk,Player,Pos,Age,Tm,G,GS,MP,FG,FGA,FG%,3P,3PA,3P%,2P,2PA,2P%,eFG%,FT,FTA,FT%,ORB,DRB,TRB,AST,STL,BLK,TOV,PF,PTS
81,Shaq Buchanan,PG,25,MEM,2,0,5.0,0.5,2.0,.250,0.0,1.0,.000,0.5,1.0,.500,.250,0.0,0.0,0,0.5,0.5,1.0,1.0,0.5,0.0,1.0,0.5,1.0
82,Reggie Bullock,SF,30,DAL,39,13,23.5,2.2,5.8,.382,1.4,4.4,.316,0.8,1.5,.579,.500,0.4,0.5,.737,0.4,2.7,3.1,1.1,0.4,0.1,0.5,1.3,6.2
83,Trey Burke,PG,29,DAL,23,0,11.7,2.4,5.8,.418,0.7,2.3,.327,1.7,3.6,.476,.481,0.7,0.7,.941,0.1,0.9,1.0,1.8,0.4,0.0,0.7,1.0,6.3
84,Alec Burks,SG,30,NYK,47,20,27.3,3.4,8.9,.382,1.8,4.6,.394,1.6,4.2,.369,.486,2.6,3.1,.838,0.6,3.7,4.3,2.6,1.2,0.3,0.9,2.3,11.2
85,Jared Butler,SG,21,UTA,21,1,6.2,1.1,2.9,.377,0.6,1.6,.382,0.5,1.3,.370,.484,0.3,0.4,.667,0.0,0.7,0.8,0.8,0.4,0.3,0.8,1.0,3.1
86,Jimmy Butler,SF,32,MIA,29,29,33.5,7.1,15.0,.477,0.4,1.9,.241,6.7,13.1,.511,.492,6.7,7.6,.881,1.8,4.2,6.0,6.1,1.9,0.4,1.9,1.2,21.4
87,Devontae Cacok,PF,25,SAS,7,0,8.3,2.0,3.0,.667,0.0,0.0,0,2.0,3.0,.667,.667,0.0,0.0,0,0.7,2.3,3.0,0.3,0.6,0.7,0.1,1.1,4.0
88,Kentavious Caldwell-Pope,SG,28,WAS,44,44,29.5,4.1,10.0,.411,2.0,5.5,.371,2.1,4.5,.460,.513,1.2,1.4,.867,0.5,3.1,3.6,1.8,1.1,0.4,1.3,1.8,11.4
89,Facundo Campazzo,PG,30,DEN,44,4,21.8,2.2,5.6,.383,1.1,3.6,.312,1.0,2.1,.505,.482,1.1,1.3,.810,0.4,1.7,2.1,4.0,1.2,0.4,1.2,2.2,6.5
90,Vlatko Čančar,PF,24,DEN,14,1,10.9,1.6,2.8,.564,0.5,0.9,.583,1.1,1.9,.556,.654,0.6,0.9,.750,0.4,1.2,1.6,0.9,0.1,0.2,0.6,0.9,4.3
91,Clint Capela,C,27,ATL,38,37,29.5,5.2,9.1,.570,0.0,0.0,.000,5.2,9.0,.571,.570,1.2,2.6,.465,4.0,8.8,12.8,1.4,0.8,1.4,0.6,2.4,11.5
92,Vernon Carey Jr.,C,20,CHO,4,1,4.3,0.8,1.5,.500,0.0,0.0,0,0.8,1.5,.500,.500,0.5,0.8,.667,0.8,0.5,1.3,0.0,0.3,0.0,0.3,0.3,2.0
93,Jevon Carter,PG,26,BRK,35,1,11.3,1.0,3.2,.301,0.7,2.3,.284,0.3,0.9,.344,.403,0.1,0.1,.750,0.2,1.2,1.4,0.9,0.4,0.2,0.5,1.0,2.7
94,Wendell Carter Jr.,C,22,ORL,39,38,29.1,5.1,10.2,.497,1.3,3.7,.342,3.8,6.4,.588,.561,2.0,2.9,.699,2.1,8.0,10.1,2.6,0.7,0.7,1.6,2.7,13.4
95,Alex Caruso,SG,27,CHI,28,9,27.7,2.8,6.5,.429,1.1,3.1,.345,1.7,3.4,.505,.511,1.7,2.1,.814,0.9,3.0,3.9,3.9,1.9,0.4,1.4,2.4,8.4
96,Willie Cauley-Stein,C,28,DAL,18,2,9.8,0.9,1.9,.457,0.1,0.1,.500,0.8,1.8,.455,.471,0.1,0.1,.500,0.7,1.4,2.1,0.5,0.3,0.2,0.4,0.9,1.9
97,Ahmad Caver,PG,25,IND,1,0,1.0,1.0,1.0,1.000,0.0,0.0,0,1.0,1.0,1.000,1.000,0.0,0.0,0,0.0,0.0,0.0,0.0,0.0,0.0,0.0,0.0,2.0
98,Justin Champagnie,SF,20,TOR,27,0,8.9,1.0,2.2,.475,0.3,0.8,.409,0.7,1.4,.514,.551,0.3,0.3,1.000,1.3,0.9,2.3,0.3,0.3,0.1,0.2,1.1,2.7
99,Zylan Cheatham,SF,26,UTA,1,0,5.0,0.0,3.0,.000,0.0,2.0,.000,0.0,1.0,.000,.000,0.0,0.0,0,0.0,0.0,0.0,0.0,0.0,0.0,0.0,0.0,0.0
100,Chris Chiozza,PG,26,GSW,23,1,10.7,0.7,2.5,.281,0.6,1.6,.351,0.1,0.9,.150,.395,0.0,0.0,1.000,0.3,0.8,1.2,1.7,0.3,0.0,0.9,1.0,2.0
Rk,Player,Pos,Age,Tm,G,GS,MP,FG,FGA,FG%,3P,3PA,3P%,2P,2PA,2P%,eFG%,FT,FTA,FT%,ORB,DRB,TRB,AST,STL,BLK,TOV,PF,PTS
101,Marquese Chriss,PF,24,DAL,14,0,10.6,2.4,4.0,.607,0.4,1.0,.429,2.0,3.0,.667,.661,0.7,1.1,.625,0.7,2.7,3.4,0.3,0.1,0.3,0.8,2.4,6.0
102,Josh Christopher,SG,20,HOU,39,2,15.9,2.6,5.6,.459,0.7,2.1,.346,1.8,3.5,.526,.523,1.0,1.3,.800,0.7,1.3,2.0,1.6,0.8,0.2,1.5,1.1,6.9
103,Gary Clark,PF,27,NOP,14,1,10.5,1.0,2.7,.368,0.9,2.3,.406,0.1,0.4,.167,.539,0.1,0.3,.500,0.5,1.8,2.3,0.4,0.2,0.1,0.3,0.2,3.1
104,Brandon Clarke,PF,25,MEM,34,1,18.4,4.2,6.5,.650,0.1,0.5,.222,4.1,5.9,.688,.659,1.2,1.8,.677,1.9,3.2,5.1,1.4,0.4,1.1,0.5,1.6,9.8
105,Jordan Clarkson,SG,29,UTA,47,1,26.3,5.6,14.0,.400,2.5,7.9,.322,3.1,6.1,.500,.490,1.6,2.0,.804,0.7,2.7,3.5,2.3,0.7,0.3,1.7,1.8,15.3
106,Nic Claxton,C,22,BRK,20,14,22.2,4.0,6.1,.656,0.0,0.0,0,4.0,6.1,.656,.656,1.2,2.0,.615,1.9,3.6,5.5,1.0,0.6,1.2,0.8,2.5,9.2
107,Amir Coffey,SG,24,LAC,35,13,20.3,2.3,5.0,.454,1.2,3.1,.382,1.1,1.8,.578,.575,1.3,1.4,.880,0.4,2.5,2.9,1.6,0.5,0.2,0.4,1.2,7.0
108,John Collins,PF,24,ATL,41,41,32.1,6.4,11.9,.537,1.3,3.1,.426,5.0,8.7,.577,.594,2.9,3.6,.797,1.8,6.1,7.9,2.0,0.6,1.1,1.2,3.2,17.0
109,Darren Collison,PG,34,LAL,3,0,12.3,0.7,2.3,.286,0.0,1.0,.000,0.7,1.3,.500,.286,0.0,0.0,0,0.0,1.3,1.3,0.7,0.3,0.0,0.3,1.7,1.3
110,Mike Conley,PG,34,UTA,42,42,28.5,4.9,10.7,.457,2.5,5.8,.424,2.4,4.9,.495,.571,1.8,2.2,.824,0.6,2.4,3.0,5.2,1.1,0.3,1.6,1.7,14.0
111,Pat Connaughton,SG,29,MIL,46,16,27.6,3.8,8.0,.473,2.3,5.8,.404,1.4,2.2,.657,.620,0.7,0.8,.811,0.7,3.8,4.5,1.4,1.0,0.3,0.7,1.3,10.5
112,Tyler Cook,PF,24,CHI,12,2,12.8,1.5,2.3,.643,0.0,0.0,0,1.5,2.3,.643,.643,1.3,1.8,.714,1.0,2.5,3.5,0.3,0.3,0.3,0.5,1.8,4.3
113,Sharife Cooper,PG,20,ATL,10,0,3.5,0.3,1.4,.214,0.1,0.6,.167,0.2,0.8,.250,.250,0.0,0.0,0,0.0,0.5,0.5,0.5,0.0,0.0,0.5,0.1,0.7
114,Petr Cornelie,PF,26,DEN,13,0,2.9,0.4,1.2,.333,0.1,0.6,.125,0.3,0.5,.571,.367,0.2,0.3,.750,0.5,0.5,1.1,0.2,0.1,0.1,0.3,0.5,1.1
115,DeMarcus Cousins,C,31,TOT,18,5,16.6,3.1,6.9,.448,0.7,2.8,.255,2.4,4.1,.581,.500,1.7,2.2,.775,1.4,4.4,5.8,1.1,0.9,0.4,0.9,2.8,8.7
115,DeMarcus Cousins,C,31,MIL,17,5,16.9,3.2,6.9,.466,0.8,2.8,.271,2.5,4.1,.600,.521,1.8,2.2,.816,1.4,4.4,5.8,1.1,0.9,0.5,0.9,2.7,9.1
115,DeMarcus Cousins,C,31,DEN,1,0,12.0,1.0,7.0,.143,0.0,3.0,.000,1.0,4.0,.250,.143,0.0,2.0,.000,1.0,5.0,6.0,1.0,0.0,0.0,1.0,4.0,2.0
116,Robert Covington,PF,31,POR,43,35,29.2,2.7,7.0,.395,1.7,4.8,.356,1.0,2.2,.479,.517,0.5,0.7,.786,0.8,4.7,5.6,1.2,1.4,1.3,1.1,2.6,7.7
117,Torrey Craig,SF,31,IND,43,6,18.5,2.3,5.0,.472,0.8,2.4,.327,1.6,2.6,.609,.551,0.6,0.7,.828,1.2,2.5,3.7,1.1,0.4,0.3,0.7,1.8,6.0
118,Jae Crowder,PF,31,PHO,39,39,28.1,3.2,7.8,.408,1.9,5.3,.361,1.3,2.6,.505,.529,0.9,1.2,.804,0.3,4.5,4.9,1.4,1.3,0.5,0.9,2.4,9.3
119,Jarrett Culver,SG,22,MEM,22,0,10.2,1.6,3.9,.419,0.4,1.3,.286,1.3,2.6,.483,.465,0.4,0.9,.474,0.4,1.3,1.7,1.1,0.6,0.1,0.5,1.2,4.0
120,Jarron Cumberland,SG,24,POR,3,0,4.0,0.3,0.7,.500,0.0,0.3,.000,0.3,0.3,1.000,.500,0.0,0.0,0,0.3,0.7,1.0,0.3,0.0,0.0,0.0,0.7,0.7
Rk,Player,Pos,Age,Tm,G,GS,MP,FG,FGA,FG%,3P,3PA,3P%,2P,2PA,2P%,eFG%,FT,FTA,FT%,ORB,DRB,TRB,AST,STL,BLK,TOV,PF,PTS
121,Cade Cunningham,PG,20,DET,37,37,32.1,5.9,14.7,.402,2.1,6.4,.322,3.9,8.4,.463,.472,1.8,2.1,.848,0.9,4.5,5.4,5.2,1.3,0.6,3.6,2.9,15.7
122,Seth Curry,SG,31,PHI,40,40,34.8,6.0,11.8,.509,2.3,5.5,.417,3.7,6.3,.587,.605,1.6,1.8,.877,0.4,3.0,3.4,4.0,0.8,0.2,1.9,2.2,15.8
123,Stephen Curry,PG,33,GSW,43,43,34.7,8.4,20.1,.416,4.8,12.8,.376,3.6,7.3,.484,.535,4.4,4.8,.913,0.6,4.7,5.3,6.2,1.4,0.5,3.2,2.0,26.0
124,Anthony Davis,C,28,LAL,27,27,35.4,9.3,17.9,.521,0.4,2.1,.179,8.9,15.8,.566,.531,4.3,6.0,.727,2.7,7.1,9.9,2.9,1.2,2.0,2.2,2.3,23.3
125,Ed Davis,C,32,CLE,14,3,9.4,0.6,1.0,.643,0.0,0.0,0,0.6,1.0,.643,.643,0.2,0.6,.375,0.5,2.6,3.1,0.2,0.2,0.5,0.2,1.6,1.5
126,Terence Davis,SG,24,SAC,29,10,18.2,3.8,9.0,.424,1.7,5.1,.327,2.2,4.0,.548,.515,1.2,1.4,.829,0.4,2.8,3.2,1.3,0.9,0.4,1.1,2.4,10.5
127,Gabriel Deck,PF,26,OKC,7,0,8.0,1.1,2.0,.571,0.3,0.6,.500,0.9,1.4,.600,.643,0.0,0.0,0,0.1,0.7,0.9,0.7,0.1,0.0,0.3,0.3,2.6
128,Dewayne Dedmon,C,32,MIA,40,15,16.8,2.7,4.5,.601,0.3,0.5,.571,2.4,3.9,.605,.635,1.1,1.4,.768,1.9,4.3,6.2,0.8,0.4,0.5,1.0,2.2,6.7
129,Sam Dekker,PF,27,TOR,1,0,1.0,0.0,0.0,0,0.0,0.0,0,0.0,0.0,0,0,0.0,0.0,0,0.0,0.0,0.0,0.0,0.0,0.0,0.0,0.0,0.0
130,Javin DeLaurier,C,23,MIL,1,0,3.0,0.0,0.0,0,0.0,0.0,0,0.0,0.0,0,0,0.0,0.0,0,0.0,1.0,1.0,0.0,1.0,0.0,0.0,1.0,0.0
131,DeMar DeRozan,PF,32,CHI,42,42,34.8,9.5,19.1,.495,0.6,1.8,.333,8.9,17.4,.512,.511,6.8,7.9,.855,0.8,4.2,5.0,4.8,0.8,0.4,2.2,2.2,26.3
132,Mamadi Diakite,PF,25,OKC,7,0,11.7,1.4,2.9,.500,0.0,0.0,0,1.4,2.9,.500,.500,0.0,0.3,.000,1.0,2.4,3.4,0.0,0.4,0.4,0.4,2.1,2.9
133,Cheick Diallo,C,25,DET,3,0,10.3,1.0,2.7,.375,0.0,0.0,0,1.0,2.7,.375,.375,1.7,2.0,.833,1.3,2.7,4.0,0.0,0.3,0.0,0.3,2.0,3.7
134,Hamidou Diallo,SG,23,DET,39,22,22.5,4.5,8.7,.510,0.4,1.5,.254,4.1,7.2,.564,.532,1.4,2.2,.640,1.1,3.5,4.6,1.3,1.2,0.4,1.1,2.5,10.7
135,Gorgui Dieng,C,32,ATL,32,3,9.7,1.2,2.6,.464,0.6,1.4,.413,0.6,1.2,.526,.577,0.5,0.7,.739,0.9,2.3,3.2,0.9,0.3,0.4,0.5,1.4,3.6
136,Spencer Dinwiddie,PG,28,WAS,38,38,30.5,4.5,11.5,.392,1.7,5.3,.320,2.8,6.1,.455,.467,2.8,3.4,.814,0.8,3.8,4.5,5.8,0.6,0.2,1.6,2.4,13.5
137,Donte DiVincenzo,SG,25,MIL,10,0,18.9,1.8,6.7,.269,1.3,4.5,.289,0.5,2.2,.227,.366,1.9,2.1,.905,1.3,2.9,4.2,1.5,0.6,0.3,1.3,1.7,6.8
138,Luka Dončić,PG,22,DAL,32,32,35.2,9.2,21.0,.437,2.3,7.9,.291,6.9,13.1,.525,.492,4.9,6.5,.750,0.8,8.0,8.8,8.7,1.2,0.5,4.6,2.3,25.6
139,Luguentz Dort,SF,22,OKC,43,43,32.2,5.4,13.7,.396,2.4,7.4,.327,3.0,6.3,.476,.484,2.8,3.3,.851,0.7,3.3,4.0,1.6,0.8,0.4,1.5,3.0,16.1
140,Ayo Dosunmu,SG,22,CHI,42,8,22.5,3.0,5.5,.545,0.9,2.0,.451,2.1,3.6,.596,.624,0.6,1.0,.605,0.4,2.2,2.5,1.9,0.5,0.4,1.1,2.0,7.5
Rk,Player,Pos,Age,Tm,G,GS,MP,FG,FGA,FG%,3P,3PA,3P%,2P,2PA,2P%,eFG%,FT,FTA,FT%,ORB,DRB,TRB,AST,STL,BLK,TOV,PF,PTS
141,Damyean Dotson,SG,27,NYK,2,0,10.5,1.0,2.0,.500,0.0,0.5,.000,1.0,1.5,.667,.500,0.0,0.0,0,0.0,1.0,1.0,0.5,0.0,0.0,0.0,0.0,2.0
142,Devon Dotson,PG,22,CHI,11,0,7.7,1.0,2.1,.478,0.2,0.8,.222,0.8,1.3,.643,.522,0.5,0.8,.556,0.1,0.7,0.8,1.4,0.1,0.0,0.5,1.0,2.6
143,Sekou Doumbouya,PF,21,LAL,2,0,8.0,2.5,4.0,.625,0.5,1.0,.500,2.0,3.0,.667,.688,1.5,2.0,.750,1.0,2.0,3.0,0.0,1.5,1.0,1.0,0.5,7.0
144,Jeff Dowtin,PG,24,TOT,5,0,6.2,0.6,1.4,.429,0.0,0.4,.000,0.6,1.0,.600,.429,0.0,0.0,0,0.2,1.2,1.4,0.6,0.0,0.2,0.2,0.4,1.2
144,Jeff Dowtin,PG,24,GSW,4,0,7.0,0.8,1.5,.500,0.0,0.3,.000,0.8,1.3,.600,.500,0.0,0.0,0,0.3,1.5,1.8,0.8,0.0,0.3,0.3,0.5,1.5
144,Jeff Dowtin,PG,24,MIL,1,0,3.0,0.0,1.0,.000,0.0,1.0,.000,0.0,0.0,0,.000,0.0,0.0,0,0.0,0.0,0.0,0.0,0.0,0.0,0.0,0.0,0.0
145,PJ Dozier,SG,25,DEN,18,0,18.9,2.0,5.5,.364,0.8,2.7,.313,1.2,2.8,.412,.439,0.6,0.7,.769,0.8,2.7,3.5,1.6,0.6,0.3,0.7,1.8,5.4
146,Goran Dragić,PG,35,TOR,5,2,18.0,2.6,6.8,.382,0.8,2.8,.286,1.8,4.0,.450,.441,2.0,2.0,1.000,0.4,2.4,2.8,1.8,1.0,0.2,0.2,1.6,8.0
147,Andre Drummond,C,28,PHI,41,11,18.5,2.6,5.0,.532,0.0,0.0,.000,2.6,4.9,.535,.532,1.0,1.9,.519,2.8,6.0,8.8,1.8,1.1,1.0,1.7,2.5,6.3
148,Chris Duarte,SG,24,IND,40,28,29.1,5.2,11.8,.441,1.8,5.1,.356,3.4,6.7,.506,.518,1.4,1.9,.727,0.7,3.4,4.1,2.3,1.1,0.2,1.7,1.8,13.6
149,David Duke Jr.,PG,22,BRK,14,7,17.4,2.1,5.6,.372,0.5,1.8,.280,1.6,3.8,.415,.417,1.0,1.2,.824,1.9,2.1,4.1,0.9,0.5,0.4,0.6,2.0,5.6
150,Kevin Durant,PF,33,BRK,36,36,36.5,10.5,20.3,.520,1.9,5.0,.372,8.7,15.3,.568,.566,6.3,7.1,.894,0.6,6.9,7.4,5.8,0.8,0.9,3.0,1.9,29.3
151,Jaime Echenique,C,24,WAS,1,0,3.0,0.0,0.0,0,0.0,0.0,0,0.0,0.0,0,0,0.0,0.0,0,0.0,0.0,0.0,0.0,0.0,0.0,0.0,0.0,0.0
152,Anthony Edwards,SG,20,MIN,40,40,35.0,8.1,18.2,.443,3.3,8.7,.375,4.8,9.5,.505,.533,2.8,3.5,.806,1.0,4.1,5.1,3.6,1.5,0.7,3.1,2.3,22.2
153,Kessler Edwards,SF,21,BRK,15,8,25.8,3.3,7.3,.459,1.5,3.6,.426,1.8,3.7,.491,.564,0.1,0.1,1.000,1.2,3.0,4.2,0.8,0.9,0.7,1.0,2.1,8.3
154,Rob Edwards,SG,25,OKC,2,0,5.5,0.5,2.0,.250,0.5,2.0,.250,0.0,0.0,0,.375,0.0,0.0,0,0.0,1.5,1.5,0.0,0.0,0.0,0.5,0.0,1.5
155,CJ Elleby,SF,21,POR,26,0,10.9,1.4,3.2,.434,0.5,1.5,.325,0.9,1.7,.535,.512,0.5,0.6,.813,0.6,1.5,2.0,0.7,0.5,0.1,0.4,1.3,3.8
156,Wayne Ellington,SG,34,LAL,31,8,19.8,2.1,5.3,.400,1.9,4.9,.384,0.3,0.5,.571,.576,0.1,0.2,.800,0.2,1.4,1.6,0.7,0.5,0.1,0.5,1.0,6.3
157,Joel Embiid,C,27,PHI,35,35,32.8,9.3,18.7,.498,1.3,3.4,.390,8.0,15.4,.522,.534,8.7,10.6,.815,2.0,8.7,10.7,4.3,1.0,1.4,2.9,2.6,28.7
158,James Ennis III,SF,31,TOT,7,0,8.0,1.6,3.4,.458,0.4,1.1,.375,1.1,2.3,.500,.521,0.6,0.7,.800,0.7,1.0,1.7,0.4,0.3,0.3,0.3,0.7,4.1
158,James Ennis III,SF,31,BRK,2,0,7.0,1.0,3.5,.286,0.5,1.0,.500,0.5,2.5,.200,.357,0.0,0.0,0,1.0,1.5,2.5,0.0,0.5,0.5,0.0,0.0,2.5
158,James Ennis III,SF,31,LAC,2,0,14.0,3.5,5.5,.636,1.0,2.0,.500,2.5,3.5,.714,.727,2.0,2.0,1.000,1.0,1.5,2.5,0.0,0.5,0.5,0.5,2.0,10.0
158,James Ennis III,SF,31,DEN,3,0,4.7,0.7,2.0,.333,0.0,0.7,.000,0.7,1.3,.500,.333,0.0,0.3,.000,0.3,0.3,0.7,1.0,0.0,0.0,0.3,0.3,1.3
159,Drew Eubanks,C,24,SAS,42,8,12.2,1.6,3.2,.507,0.0,0.1,.167,1.6,3.0,.523,.511,1.3,1.7,.757,1.2,2.7,3.9,1.0,0.3,0.6,1.0,1.3,4.5
160,Tacko Fall,C,26,CLE,11,1,5.4,0.5,1.1,.417,0.0,0.0,0,0.5,1.1,.417,.417,0.2,0.6,.286,0.6,1.5,2.1,0.2,0.0,0.5,0.3,0.3,1.1
Rk,Player,Pos,Age,Tm,G,GS,MP,FG,FGA,FG%,3P,3PA,3P%,2P,2PA,2P%,eFG%,FT,FTA,FT%,ORB,DRB,TRB,AST,STL,BLK,TOV,PF,PTS
161,Derrick Favors,C,30,OKC,31,13,16.0,2.4,4.7,.497,0.1,0.4,.167,2.3,4.4,.526,.503,0.3,0.6,.556,1.5,3.2,4.7,0.8,0.4,0.2,0.2,1.5,5.1
162,Bruno Fernando,C,23,BOS,14,0,2.7,0.3,0.4,.667,0.0,0.0,0,0.3,0.4,.667,.667,0.1,0.2,.667,0.2,0.4,0.6,0.1,0.0,0.1,0.4,0.4,0.7
163,Dorian Finney-Smith,PF,28,DAL,46,46,32.2,3.8,8.6,.444,1.9,5.1,.369,1.9,3.4,.557,.555,0.8,1.2,.655,1.6,3.3,4.9,2.0,1.2,0.5,1.0,2.3,10.3
164,Malik Fitts,PF,24,UTA,7,0,5.0,0.3,1.3,.222,0.3,0.6,.500,0.0,0.7,.000,.333,0.0,0.0,0,0.0,1.4,1.4,0.0,0.0,0.0,0.3,0.4,0.9
165,Malachi Flynn,PG,23,TOR,27,1,8.6,1.1,3.2,.349,0.4,1.6,.273,0.7,1.6,.429,.419,0.1,0.3,.571,0.2,0.8,1.0,0.9,0.4,0.1,0.3,0.9,2.8
166,Bryn Forbes,SG,28,TOT,42,1,17.0,3.2,7.6,.428,1.6,3.8,.415,1.7,3.8,.440,.531,1.1,1.2,.902,0.1,1.4,1.5,1.0,0.4,0.1,0.8,1.2,9.1
166,Bryn Forbes,SG,28,SAS,40,1,16.9,3.2,7.4,.432,1.6,3.8,.417,1.6,3.6,.448,.539,1.1,1.2,.898,0.1,1.5,1.6,1.0,0.4,0.1,0.8,1.1,9.1
166,Bryn Forbes,SG,28,DEN,2,0,20.0,4.0,11.0,.364,1.5,4.0,.375,2.5,7.0,.357,.432,1.0,1.0,1.000,0.5,0.5,1.0,0.5,0.0,0.0,0.0,4.0,10.5
167,Aleem Ford,SF,24,ORL,5,0,14.8,1.2,4.0,.300,0.4,3.0,.133,0.8,1.0,.800,.350,0.0,0.0,0,0.4,2.6,3.0,0.4,0.2,0.0,0.8,1.4,2.8
168,Trent Forrest,PG,23,UTA,37,3,10.1,0.9,1.6,.541,0.1,0.2,.286,0.8,1.5,.574,.557,0.5,0.7,.760,0.4,1.2,1.6,1.1,0.3,0.1,0.7,0.6,2.4
169,Evan Fournier,SG,29,NYK,46,46,28.8,4.9,11.8,.418,2.7,6.9,.389,2.2,4.8,.459,.532,1.0,1.4,.734,0.5,2.3,2.8,1.8,0.8,0.2,1.3,1.9,13.5
170,De'Aaron Fox,PG,24,SAC,43,43,34.1,7.9,17.2,.458,0.9,3.7,.248,7.0,13.5,.515,.484,4.4,5.9,.744,0.5,3.3,3.8,5.2,1.2,0.4,2.8,2.8,21.0
171,Tim Frazier,PG,31,ORL,10,3,20.0,1.3,4.3,.302,0.6,1.7,.353,0.7,2.6,.269,.372,0.5,0.9,.556,0.5,1.4,1.9,3.3,0.3,0.1,1.3,2.4,3.7
172,Enes Freedom,C,29,BOS,31,1,12.4,1.5,2.8,.545,0.0,0.1,.250,1.5,2.7,.560,.551,0.7,0.8,.846,1.8,2.8,4.6,0.2,0.2,0.5,0.5,1.2,3.8
173,Wenyen Gabriel,PF,24,TOT,7,0,6.7,0.7,1.9,.385,0.3,0.7,.400,0.4,1.1,.375,.462,0.3,0.6,.500,0.7,1.4,2.1,0.3,0.1,0.3,0.4,1.6,2.0
173,Wenyen Gabriel,PF,24,BRK,1,0,1.0,0.0,0.0,0,0.0,0.0,0,0.0,0.0,0,0,0.0,0.0,0,0.0,1.0,1.0,0.0,0.0,0.0,0.0,0.0,0.0
173,Wenyen Gabriel,PF,24,LAC,6,0,7.7,0.8,2.2,.385,0.3,0.8,.400,0.5,1.3,.375,.462,0.3,0.7,.500,0.8,1.5,2.3,0.3,0.2,0.3,0.5,1.8,2.3
174,Daniel Gafford,C,23,WAS,44,44,21.4,3.9,5.6,.692,0.0,0.0,0,3.9,5.6,.692,.692,1.3,1.8,.738,2.2,4.0,6.2,1.0,0.4,1.6,0.9,2.4,9.1
175,Danilo Gallinari,PF,33,ATL,36,1,23.1,3.3,8.0,.418,1.7,4.2,.400,1.7,3.8,.438,.523,2.1,2.3,.927,0.6,3.8,4.3,1.4,0.4,0.2,0.6,1.4,10.4
176,Langston Galloway,SG,30,TOT,7,0,15.3,0.9,3.7,.231,0.3,2.3,.125,0.6,1.4,.400,.269,0.0,0.0,0,0.4,2.1,2.6,1.7,0.1,0.0,0.9,1.0,2.0
176,Langston Galloway,SG,30,BRK,4,0,14.5,1.3,3.3,.385,0.5,2.0,.250,0.8,1.3,.600,.462,0.0,0.0,0,0.3,1.8,2.0,1.3,0.0,0.0,1.3,1.3,3.0
176,Langston Galloway,SG,30,MIL,3,0,16.3,0.3,4.3,.077,0.0,2.7,.000,0.3,1.7,.200,.077,0.0,0.0,0,0.7,2.7,3.3,2.3,0.3,0.0,0.3,0.7,0.7
177,Darius Garland,PG,22,CLE,42,42,34.9,7.5,16.1,.464,2.5,6.8,.360,5.0,9.3,.541,.541,2.3,2.5,.913,0.5,2.8,3.3,8.2,1.3,0.1,3.7,1.8,19.7
178,Marcus Garrett,SG,23,MIA,12,0,10.7,0.4,1.8,.238,0.1,0.3,.250,0.3,1.4,.235,.262,0.2,0.4,.400,0.8,1.2,1.9,0.6,0.4,0.3,0.2,1.3,1.1
179,Usman Garuba,PF,19,HOU,15,0,7.0,0.5,1.6,.333,0.1,0.9,.154,0.4,0.7,.545,.375,0.1,0.1,.500,0.6,1.7,2.3,0.5,0.5,0.4,0.2,0.6,1.3
180,Luka Garza,C,23,DET,27,5,12.1,1.9,4.3,.436,0.5,1.5,.325,1.4,2.9,.494,.491,1.0,1.6,.643,1.7,1.3,3.1,0.6,0.3,0.1,0.6,1.7,5.3
Rk,Player,Pos,Age,Tm,G,GS,MP,FG,FGA,FG%,3P,3PA,3P%,2P,2PA,2P%,eFG%,FT,FTA,FT%,ORB,DRB,TRB,AST,STL,BLK,TOV,PF,PTS
181,Rudy Gay,PF,35,UTA,30,1,20.3,3.2,7.5,.422,1.6,4.3,.367,1.6,3.2,.495,.527,1.4,1.7,.843,1.0,3.7,4.7,1.1,0.6,0.3,0.8,1.9,9.3
182,Paul George,SF,31,LAC,26,26,35.5,9.0,21.4,.421,2.7,8.3,.323,6.3,13.0,.484,.484,4.0,4.5,.880,0.4,6.7,7.1,5.5,2.0,0.4,4.2,2.5,24.7
183,Taj Gibson,C,36,NYK,31,3,18.7,1.4,2.8,.500,0.1,0.5,.267,1.3,2.4,.548,.523,0.7,0.9,.724,1.6,2.9,4.5,0.7,0.5,0.8,0.7,2.7,3.6
184,Josh Giddey,SG,19,OKC,42,42,30.8,4.8,11.8,.404,1.1,4.0,.266,3.7,7.8,.476,.450,0.8,1.3,.660,1.7,5.7,7.4,6.2,1.0,0.4,3.0,1.7,11.5
185,Shai Gilgeous-Alexander,PG,23,OKC,42,42,35.0,7.9,18.5,.424,1.6,5.7,.282,6.3,12.9,.487,.467,5.7,6.9,.821,0.7,4.1,4.8,5.5,1.1,0.8,2.5,2.4,23.0
186,Anthony Gill,PF,29,WAS,18,0,6.3,1.0,1.5,.667,0.3,0.4,.714,0.7,1.1,.650,.759,0.6,0.7,.833,0.4,0.9,1.4,0.4,0.1,0.1,0.3,1.1,2.8
187,Freddie Gillespie,PF,24,ORL,9,2,13.2,1.0,2.4,.409,0.0,0.1,.000,1.0,2.3,.429,.409,0.3,0.8,.429,1.4,2.6,4.0,0.6,0.3,1.0,0.6,2.0,2.3
188,Rudy Gobert,C,29,UTA,42,42,32.5,5.6,8.0,.707,0.0,0.0,.000,5.6,7.9,.712,.707,4.7,6.8,.690,3.7,11.4,15.1,1.2,0.8,2.3,1.8,2.7,16.0
189,Brandon Goodwin,PG,26,CLE,9,0,15.1,2.1,5.7,.373,0.4,1.7,.267,1.7,4.0,.417,.412,0.3,1.1,.300,0.7,1.7,2.3,3.2,1.0,0.0,0.7,1.2,5.0
190,Jordan Goodwin,SG,23,WAS,2,0,3.0,0.0,1.5,.000,0.0,0.5,.000,0.0,1.0,.000,.000,0.0,0.0,0,0.0,0.5,0.5,0.0,0.0,0.0,0.0,0.5,0.0
191,Aaron Gordon,PF,26,DEN,42,42,32.0,5.5,10.5,.526,1.1,3.2,.341,4.4,7.3,.608,.578,2.3,3.1,.733,1.7,3.9,5.6,2.5,0.7,0.6,1.7,1.9,14.4
192,Eric Gordon,SG,33,HOU,40,29,29.5,5.2,10.3,.506,2.4,5.2,.452,2.9,5.1,.561,.620,2.0,2.7,.738,0.2,1.7,1.9,3.2,0.6,0.4,2.1,1.1,14.8
193,Devonte' Graham,PG,26,NOP,43,43,31.4,4.7,12.5,.371,3.1,8.5,.362,1.6,4.0,.391,.494,1.7,2.0,.828,0.5,2.1,2.6,4.5,1.0,0.2,1.6,1.4,14.0
194,Jerami Grant,PF,27,DET,24,24,33.2,6.6,15.9,.414,1.8,5.3,.331,4.8,10.6,.455,.469,5.2,6.1,.849,1.0,3.9,4.8,2.6,1.1,1.1,2.1,2.3,20.1
195,Hassani Gravett,PG,25,ORL,8,3,21.4,2.3,4.8,.474,1.4,3.3,.423,0.9,1.5,.583,.618,0.4,0.5,.750,0.1,2.5,2.6,2.5,0.6,0.1,1.1,1.6,6.3
196,Danny Green,SF,34,PHI,29,21,23.7,2.3,5.6,.407,1.8,4.8,.381,0.4,0.8,.565,.571,0.3,0.3,.900,0.6,2.0,2.6,1.1,1.3,0.9,0.9,1.8,6.7
197,Draymond Green,PF,31,GSW,34,34,29.9,3.2,5.9,.537,0.4,1.2,.286,2.8,4.7,.604,.567,1.2,2.0,.597,1.1,6.4,7.6,7.4,1.4,1.2,3.1,2.8,7.9
198,Jalen Green,SG,19,HOU,32,32,29.8,4.8,12.7,.381,1.8,6.2,.298,3.0,6.5,.459,.453,2.9,3.5,.829,0.4,2.8,3.2,2.2,0.5,0.2,2.4,1.4,14.4
199,JaMychal Green,PF,31,DEN,35,7,14.9,2.1,4.8,.437,0.5,2.2,.250,1.5,2.6,.593,.494,1.0,1.2,.857,0.9,2.8,3.7,0.8,0.7,0.5,0.9,2.2,5.7
200,Javonte Green,SF,28,CHI,30,19,22.3,2.1,4.3,.500,0.4,1.1,.364,1.7,3.2,.547,.547,1.1,1.4,.786,1.5,2.7,4.2,1.0,0.9,0.4,0.6,2.1,5.8
Rk,Player,Pos,Age,Tm,G,GS,MP,FG,FGA,FG%,3P,3PA,3P%,2P,2PA,2P%,eFG%,FT,FTA,FT%,ORB,DRB,TRB,AST,STL,BLK,TOV,PF,PTS
201,Jeff Green,C,35,DEN,41,29,25.2,4.0,7.7,.516,0.8,2.4,.343,3.1,5.2,.595,.570,2.0,2.5,.804,0.5,2.7,3.2,1.3,0.3,0.5,1.0,2.3,10.7
202,Josh Green,SG,21,DAL,32,0,12.2,1.7,3.0,.552,0.2,0.7,.333,1.4,2.3,.613,.589,0.4,0.7,.667,0.6,1.3,1.8,1.1,0.5,0.2,0.4,1.5,4.0
203,Blake Griffin,PF,32,BRK,36,20,18.2,2.2,5.7,.379,0.6,2.7,.208,1.6,3.1,.527,.427,1.1,1.5,.727,1.1,3.3,4.4,2.1,0.5,0.3,0.4,2.0,6.0
204,Quentin Grimes,SG,21,NYK,30,2,15.1,1.9,4.6,.410,1.5,3.7,.405,0.4,0.9,.429,.572,0.2,0.3,.667,0.4,1.1,1.5,1.0,0.5,0.2,0.6,1.3,5.5
205,Kyle Guy,SG,24,MIA,9,0,15.2,2.6,5.3,.479,1.3,3.2,.414,1.2,2.1,.579,.604,0.4,0.6,.800,0.1,1.0,1.1,1.7,0.4,0.1,0.7,1.2,6.9
206,Rui Hachimura,PF,23,WAS,8,0,16.0,2.9,7.0,.411,0.8,2.1,.353,2.1,4.9,.436,.464,1.5,2.0,.750,0.3,3.9,4.1,0.6,0.3,0.1,0.5,0.5,8.0
207,Tyrese Haliburton,SG,21,SAC,44,44,34.1,5.2,11.1,.470,2.1,4.8,.437,3.1,6.3,.496,.565,1.4,1.8,.805,0.8,3.2,3.9,7.2,1.6,0.7,2.2,1.5,14.0
208,Tyler Hall,SG,24,NYK,1,0,2.0,0.0,0.0,0,0.0,0.0,0,0.0,0.0,0,0,0.0,0.0,0,0.0,0.0,0.0,0.0,0.0,0.0,0.0,0.0,0.0
209,R.J. Hampton,SG,20,ORL,42,1,19.4,2.5,6.7,.382,0.9,2.5,.364,1.6,4.1,.393,.452,1.1,1.9,.608,0.3,2.6,2.9,2.4,0.7,0.2,1.3,1.5,7.2
210,Tim Hardaway Jr.,SG,29,DAL,41,20,30.1,5.0,12.8,.394,2.5,7.3,.336,2.6,5.5,.473,.490,1.8,2.4,.745,0.3,3.5,3.8,2.2,0.9,0.1,0.8,1.8,14.3
211,James Harden,PG,32,BRK,41,41,37.0,6.7,15.9,.419,2.4,7.0,.338,4.3,8.9,.482,.493,7.0,8.1,.867,0.9,7.0,8.0,10.1,1.3,0.7,4.8,2.4,22.7
212,Maurice Harkless,SF,28,SAC,30,14,18.4,1.6,3.5,.443,0.5,2.0,.267,1.0,1.5,.674,.519,0.3,0.5,.667,0.2,2.1,2.3,0.5,0.4,0.6,0.6,1.5,4.0
213,Jared Harper,PG,24,NOP,2,0,5.0,1.5,3.5,.429,0.5,1.0,.500,1.0,2.5,.400,.500,0.0,0.0,0,0.5,0.0,0.5,1.5,0.0,0.5,0.5,1.0,3.5
214,Montrezl Harrell,C,28,WAS,40,3,24.6,5.4,8.3,.653,0.1,0.4,.286,5.3,7.9,.669,.659,3.3,4.5,.736,2.2,4.9,7.0,2.1,0.5,0.7,1.1,2.0,14.2
215,Gary Harris,SG,27,ORL,40,30,29.7,4.3,9.7,.441,1.7,4.9,.356,2.6,4.9,.526,.530,1.3,1.6,.839,0.7,1.6,2.3,1.8,0.9,0.2,1.2,2.0,11.6
216,Joe Harris,SF,30,BRK,14,14,30.2,4.0,8.9,.452,2.9,6.3,.466,1.1,2.6,.417,.617,0.4,0.4,.833,0.4,3.6,4.0,1.0,0.5,0.1,1.1,2.2,11.3
217,Tobias Harris,PF,29,PHI,37,37,35.0,6.9,15.0,.461,1.1,3.6,.313,5.8,11.4,.508,.499,3.2,3.8,.851,1.1,6.3,7.4,3.8,0.6,0.6,1.6,2.1,18.2
218,Shaquille Harrison,SG,28,BRK,2,0,11.5,1.0,3.0,.333,0.0,1.0,.000,1.0,2.0,.500,.333,0.0,0.0,0,0.5,1.5,2.0,1.5,0.5,0.5,1.0,1.5,2.0
219,Josh Hart,PF,26,NOP,37,36,33.2,4.8,9.4,.516,1.0,3.1,.333,3.8,6.3,.605,.571,2.8,3.7,.752,1.4,6.2,7.6,4.2,1.0,0.3,2.0,3.0,13.5
220,Isaiah Hartenstein,C,23,LAC,34,0,15.6,3.1,4.7,.663,0.1,0.1,.667,3.1,4.6,.662,.669,1.1,1.6,.661,1.6,2.6,4.2,1.8,0.8,1.2,0.9,2.5,7.4
Rk,Player,Pos,Age,Tm,G,GS,MP,FG,FGA,FG%,3P,3PA,3P%,2P,2PA,2P%,eFG%,FT,FTA,FT%,ORB,DRB,TRB,AST,STL,BLK,TOV,PF,PTS
221,Udonis Haslem,C,41,MIA,8,0,6.5,1.3,2.5,.500,0.1,0.3,.500,1.1,2.3,.500,.525,0.4,0.4,1.000,0.5,1.6,2.1,0.3,0.1,0.1,0.3,1.4,3.0
222,Sam Hauser,SF,24,BOS,7,0,4.4,0.4,1.6,.273,0.4,1.6,.273,0.0,0.0,0,.409,0.0,0.0,0,0.1,0.4,0.6,0.1,0.1,0.1,0.0,0.1,1.3
223,Jaxson Hayes,C,21,NOP,34,0,14.1,2.6,4.4,.584,0.1,0.5,.313,2.4,3.9,.617,.601,1.8,2.4,.750,1.3,2.2,3.5,0.4,0.4,0.7,0.7,2.0,7.0
224,Killian Hayes,PG,20,DET,34,33,25.5,2.3,6.5,.348,0.9,2.8,.309,1.4,3.7,.378,.414,0.8,1.0,.848,0.5,2.5,3.0,3.7,1.1,0.5,1.6,2.5,6.2
225,Gordon Hayward,SF,31,CHO,45,45,33.1,6.2,13.1,.471,1.8,4.6,.397,4.3,8.4,.512,.542,2.8,3.3,.846,0.8,3.9,4.7,3.7,1.0,0.5,1.7,1.8,17.0
226,Aaron Henry,SF,22,PHI,6,0,2.8,0.2,0.8,.200,0.0,0.2,.000,0.2,0.7,.250,.200,0.0,0.0,0,0.0,0.2,0.2,0.0,0.0,0.3,0.3,0.3,0.3
227,Juancho Hernangómez,PF,26,TOT,19,0,5.2,0.3,1.4,.185,0.2,0.9,.167,0.1,0.5,.222,.241,0.3,0.5,.667,0.5,0.8,1.4,0.2,0.2,0.1,0.4,0.4,1.0
227,Juancho Hernangómez,PF,26,BOS,18,0,5.3,0.3,1.5,.185,0.2,1.0,.167,0.1,0.5,.222,.241,0.3,0.5,.667,0.5,0.9,1.4,0.2,0.2,0.1,0.3,0.4,1.1
227,Juancho Hernangómez,PF,26,SAS,1,0,2.0,0.0,0.0,0,0.0,0.0,0,0.0,0.0,0,0,0.0,0.0,0,1.0,0.0,1.0,0.0,0.0,0.0,1.0,0.0,0.0
228,Willy Hernangómez,C,27,NOP,22,3,15.5,3.2,5.7,.560,0.1,0.1,.667,3.1,5.5,.557,.568,1.6,2.3,.706,2.5,4.5,7.0,1.3,0.4,0.2,0.9,1.8,8.1
229,Tyler Herro,SG,22,MIA,38,10,32.9,7.6,17.8,.430,2.6,6.8,.388,5.0,11.0,.456,.504,2.8,3.2,.876,0.7,4.2,4.9,4.0,0.6,0.2,2.8,1.4,20.7
230,Buddy Hield,SG,29,SAC,48,6,29.1,5.0,12.8,.391,3.5,9.1,.381,1.5,3.7,.416,.527,1.6,1.9,.867,0.7,3.2,3.9,2.0,0.9,0.3,1.5,2.1,15.1
231,Haywood Highsmith,SF,25,MIA,4,0,10.5,1.0,2.0,.500,1.0,1.8,.571,0.0,0.3,.000,.750,0.0,0.0,0,0.5,0.8,1.3,0.0,0.0,0.3,0.0,0.8,3.0
232,George Hill,SG,35,MIL,39,16,25.8,2.6,5.8,.441,0.9,2.9,.319,1.6,2.9,.561,.520,1.2,1.2,.958,0.9,2.4,3.3,2.5,0.7,0.1,0.9,1.4,7.2
233,Malcolm Hill,SF-SG,26,TOT,9,0,13.7,1.4,2.9,.500,0.7,1.8,.375,0.8,1.1,.700,.615,0.9,1.1,.800,0.8,1.0,1.8,0.4,0.6,0.1,0.1,1.9,4.4
233,Malcolm Hill,SG,26,ATL,3,0,15.3,1.7,2.7,.625,1.0,1.7,.600,0.7,1.0,.667,.813,1.3,1.3,1.000,0.7,1.3,2.0,0.3,1.3,0.3,0.0,2.3,5.7
233,Malcolm Hill,SF,26,CHI,6,0,12.8,1.3,3.0,.444,0.5,1.8,.273,0.8,1.2,.714,.528,0.7,1.0,.667,0.8,0.8,1.7,0.5,0.2,0.0,0.2,1.7,3.8
234,Solomon Hill,PF,30,ATL,13,1,10.7,0.2,1.5,.150,0.2,1.0,.154,0.1,0.5,.143,.200,0.0,0.0,0,0.5,1.3,1.8,0.9,0.3,0.2,0.1,1.2,0.6
235,Nate Hinton,SG,22,IND,2,0,1.0,0.0,0.5,.000,0.0,0.0,0,0.0,0.5,.000,.000,0.0,0.0,0,0.0,0.0,0.0,0.0,0.0,0.0,0.5,0.0,0.0
236,Jaylen Hoard,SF,22,OKC,1,0,2.0,0.0,1.0,.000,0.0,0.0,0,0.0,1.0,.000,.000,0.0,0.0,0,1.0,1.0,2.0,0.0,0.0,0.0,0.0,0.0,0.0
237,Aaron Holiday,PG,25,WAS,36,10,15.8,2.4,5.2,.473,0.6,1.6,.375,1.9,3.6,.515,.530,0.6,0.7,.808,0.2,1.4,1.6,1.9,0.5,0.2,0.9,1.5,6.1
238,Jrue Holiday,PG,31,MIL,36,33,32.6,7.3,14.8,.493,1.8,4.6,.386,5.5,10.1,.542,.554,1.8,2.5,.742,0.9,3.7,4.6,6.4,1.5,0.6,2.7,1.8,18.2
239,Justin Holiday,SF,32,IND,42,33,28.6,3.8,9.3,.408,2.6,6.9,.371,1.2,2.4,.515,.546,0.7,0.9,.816,0.4,2.4,2.8,1.7,0.7,0.4,1.0,2.2,10.9
240,Richaun Holmes,C,28,SAC,30,30,25.8,5.3,7.5,.705,0.1,0.1,.500,5.2,7.3,.709,.710,1.8,2.2,.791,2.3,5.8,8.2,1.2,0.4,1.1,1.4,3.0,12.4
Rk,Player,Pos,Age,Tm,G,GS,MP,FG,FGA,FG%,3P,3PA,3P%,2P,2PA,2P%,eFG%,FT,FTA,FT%,ORB,DRB,TRB,AST,STL,BLK,TOV,PF,PTS
241,Rodney Hood,SF,29,MIL,35,0,15.7,1.3,3.5,.364,0.7,2.2,.316,0.6,1.3,.444,.463,0.4,0.4,.929,0.3,1.5,1.9,0.8,0.3,0.1,0.2,0.7,3.6
242,Scotty Hopson,SG,32,OKC,1,0,18.0,2.0,4.0,.500,0.0,1.0,.000,2.0,3.0,.667,.500,0.0,0.0,0,0.0,1.0,1.0,1.0,0.0,0.0,2.0,1.0,4.0
243,Al Horford,C,35,BOS,39,39,29.1,4.0,9.0,.444,1.2,4.2,.284,2.8,4.8,.582,.510,1.4,1.7,.862,1.5,5.8,7.4,3.6,0.6,1.3,1.1,2.2,10.6
244,Talen Horton-Tucker,SG,21,LAL,31,15,26.9,4.0,9.6,.415,0.8,3.2,.253,3.2,6.5,.495,.457,1.6,2.1,.785,0.6,2.8,3.5,2.7,0.9,0.5,1.5,2.7,10.5
245,Danuel House Jr.,SF,28,TOT,22,2,15.6,1.6,4.5,.360,0.7,2.3,.300,1.0,2.3,.420,.435,1.1,1.4,.800,0.3,2.4,2.6,1.3,0.4,0.4,0.9,1.0,5.0
245,Danuel House Jr.,SF,28,HOU,16,1,14.6,1.6,4.6,.338,0.6,2.1,.294,0.9,2.5,.375,.405,1.1,1.2,.895,0.3,2.4,2.7,1.2,0.3,0.3,1.1,1.0,4.8
245,Danuel House Jr.,SF,28,NYK,1,0,3.0,0.0,1.0,.000,0.0,1.0,.000,0.0,0.0,0,.000,0.0,0.0,0,0.0,0.0,0.0,0.0,0.0,0.0,0.0,0.0,0.0
245,Danuel House Jr.,SF,28,UTA,5,1,21.6,2.2,5.0,.440,1.0,3.0,.333,1.2,2.0,.600,.540,1.4,2.2,.636,0.4,2.6,3.0,2.0,0.6,0.6,0.4,1.2,6.8
246,Dwight Howard,C,36,LAL,37,11,14.9,1.9,3.0,.616,0.2,0.2,.667,1.7,2.8,.612,.643,1.3,2.0,.635,1.9,3.5,5.4,0.6,0.7,0.6,0.8,2.0,5.2
247,Markus Howard,SG,22,DEN,17,0,6.9,1.4,3.8,.359,1.1,2.8,.396,0.2,0.9,.250,.508,0.4,0.5,.875,0.0,0.3,0.3,0.3,0.4,0.0,0.4,0.6,4.2
248,Kevin Huerter,SG,23,ATL,39,25,29.1,4.5,9.9,.460,1.8,5.0,.366,2.7,4.9,.555,.552,0.6,0.8,.806,0.4,3.0,3.4,2.9,0.5,0.3,1.3,2.0,11.5
249,Jay Huff,C,23,LAL,4,0,5.0,0.0,0.8,.000,0.0,0.5,.000,0.0,0.3,.000,.000,0.0,0.0,0,0.3,0.8,1.0,0.3,0.3,0.3,0.3,0.3,0.0
250,Elijah Hughes,SF,23,UTA,11,1,6.9,1.1,2.2,.500,0.8,1.6,.500,0.3,0.5,.500,.688,0.3,0.3,1.000,0.0,1.0,1.0,0.5,0.3,0.0,0.5,0.5,3.3
251,De'Andre Hunter,SF,24,ATL,18,17,29.3,5.0,10.9,.459,1.6,4.1,.392,3.4,6.8,.500,.533,1.6,2.2,.700,0.4,2.9,3.3,1.0,0.7,0.6,1.4,2.7,13.2
252,Chandler Hutchison,SF,25,PHO,6,0,3.7,0.2,0.3,.500,0.0,0.0,0,0.2,0.3,.500,.500,0.3,0.3,1.000,0.0,0.8,0.8,0.3,0.0,0.0,0.7,0.2,0.7
253,Bones Hyland,PG,21,DEN,34,0,17.6,2.9,8.0,.363,1.7,5.0,.339,1.2,3.0,.402,.469,1.0,1.1,.892,0.2,2.3,2.5,1.7,0.5,0.3,1.1,2.1,8.5
254,Serge Ibaka,C,32,LAC,29,8,15.4,2.6,5.5,.465,0.8,2.0,.404,1.8,3.5,.500,.538,0.5,0.8,.636,1.2,3.0,4.2,1.1,0.2,0.7,1.0,1.7,6.4
255,Andre Iguodala,SF,38,GSW,25,0,20.5,1.6,4.0,.386,0.5,2.4,.217,1.0,1.6,.634,.450,0.5,0.6,.813,0.8,2.6,3.4,3.9,0.8,0.8,0.9,1.0,4.2
256,Joe Ingles,SF,34,UTA,42,12,25.3,2.7,6.5,.413,1.8,5.1,.352,0.9,1.4,.638,.552,0.4,0.5,.750,0.3,2.6,2.9,3.6,0.5,0.1,1.1,1.8,7.5
257,Brandon Ingram,SF,24,NOP,36,36,34.4,8.2,18.4,.443,1.6,4.7,.345,6.6,13.8,.476,.486,4.5,5.5,.818,0.8,5.3,6.1,5.2,0.6,0.3,2.6,2.0,22.4
258,Kyrie Irving,PG,29,BRK,7,7,34.6,9.7,19.3,.504,2.1,5.9,.366,7.6,13.4,.564,.559,1.9,1.9,1.000,0.4,4.4,4.9,5.1,1.0,0.3,2.1,2.1,23.4
259,Wes Iwundu,SF,27,ATL,3,1,27.3,2.7,6.0,.444,1.0,1.7,.600,1.7,4.3,.385,.528,1.0,1.3,.750,1.0,3.3,4.3,0.0,0.3,0.0,0.3,2.7,7.3
260,Frank Jackson,PG,23,DET,33,5,22.7,3.7,9.2,.403,1.9,5.6,.333,1.8,3.6,.513,.505,1.3,1.6,.830,0.3,1.2,1.5,0.9,0.5,0.2,0.8,1.6,10.7
Rk,Player,Pos,Age,Tm,G,GS,MP,FG,FGA,FG%,3P,3PA,3P%,2P,2PA,2P%,eFG%,FT,FTA,FT%,ORB,DRB,TRB,AST,STL,BLK,TOV,PF,PTS
261,Isaiah Jackson,PF,20,IND,15,0,7.2,1.2,2.7,.450,0.0,0.1,.000,1.2,2.5,.474,.450,0.9,1.4,.619,0.8,1.5,2.3,0.3,0.3,0.6,0.3,1.6,3.3
262,Jaren Jackson Jr.,PF,22,MEM,48,48,27.7,5.6,13.6,.410,1.7,5.5,.313,3.9,8.1,.476,.473,3.5,4.3,.814,1.3,4.4,5.7,1.0,1.0,2.2,1.8,3.4,16.4
263,Josh Jackson,SF,24,DET,37,3,18.5,2.8,6.7,.415,0.8,3.0,.268,2.0,3.7,.537,.476,1.0,1.4,.720,0.5,2.7,3.2,1.3,0.5,0.4,1.0,1.9,7.4
264,Justin Jackson,SF,26,TOT,4,0,6.3,1.3,2.0,.625,0.8,1.3,.600,0.5,0.8,.667,.813,0.5,0.5,1.000,0.3,1.3,1.5,0.0,0.0,0.0,0.3,0.5,3.8
264,Justin Jackson,SF,26,BOS,1,0,2.0,0.0,1.0,.000,0.0,0.0,0,0.0,1.0,.000,.000,2.0,2.0,1.000,0.0,0.0,0.0,0.0,0.0,0.0,0.0,0.0,2.0
264,Justin Jackson,SF,26,PHO,3,0,7.7,1.7,2.3,.714,1.0,1.7,.600,0.7,0.7,1.000,.929,0.0,0.0,0,0.3,1.7,2.0,0.0,0.0,0.0,0.3,0.7,4.3
265,Reggie Jackson,SG,31,LAC,44,44,31.6,6.3,16.1,.393,2.5,7.5,.325,3.9,8.6,.452,.469,1.8,2.1,.848,0.5,2.9,3.4,4.2,0.8,0.1,2.2,1.9,16.9
266,LeBron James,SF,37,LAL,35,35,36.7,10.8,20.9,.518,2.8,7.9,.355,8.0,13.0,.616,.585,4.5,6.0,.756,1.1,6.6,7.7,6.3,1.6,1.1,3.2,2.3,29.0
267,DeJon Jarreau,SG,24,IND,1,0,1.0,0.0,0.0,0,0.0,0.0,0,0.0,0.0,0,0,0.0,0.0,0,0.0,0.0,0.0,0.0,0.0,0.0,0.0,0.0,0.0
268,DaQuan Jeffries,SG,24,MEM,3,0,3.0,0.3,0.7,.500,0.0,0.3,.000,0.3,0.3,1.000,.500,0.0,0.0,0,0.0,0.7,0.7,0.3,0.0,0.0,0.0,0.3,0.7
269,Ty Jerome,SG,24,OKC,38,3,15.6,2.5,6.4,.392,1.0,3.5,.284,1.5,2.9,.523,.469,0.8,1.0,.816,0.4,1.1,1.5,1.7,0.7,0.1,0.7,1.3,6.9
270,Isaiah Joe,SG,22,PHI,31,1,12.5,1.3,3.7,.339,0.9,2.8,.310,0.4,0.9,.429,.457,0.6,0.6,.947,0.1,1.1,1.2,0.7,0.3,0.1,0.3,0.9,4.0
271,Alize Johnson,PF,25,TOT,19,0,7.3,0.7,1.5,.483,0.0,0.2,.000,0.7,1.3,.560,.483,0.2,0.4,.500,1.1,1.4,2.5,0.4,0.2,0.0,0.6,0.8,1.7
271,Alize Johnson,PF,25,CHI,16,0,7.6,0.8,1.4,.522,0.0,0.1,.000,0.8,1.3,.571,.522,0.3,0.4,.571,1.0,1.3,2.3,0.5,0.2,0.0,0.5,0.9,1.8
271,Alize Johnson,PF,25,WAS,3,0,6.0,0.7,2.0,.333,0.0,0.7,.000,0.7,1.3,.500,.333,0.0,0.3,.000,1.7,2.3,4.0,0.0,0.0,0.0,1.0,0.0,1.3
272,B.J. Johnson,SF,26,ORL,4,0,16.3,2.8,6.3,.440,1.0,2.5,.400,1.8,3.8,.467,.520,0.0,0.0,0,1.5,2.3,3.8,0.0,0.0,0.3,0.0,1.0,6.5
273,Cameron Johnson,PF,25,PHO,43,7,25.7,4.0,8.9,.455,2.5,5.8,.430,1.6,3.1,.504,.596,1.3,1.5,.844,0.7,3.6,4.3,1.2,0.9,0.2,0.7,1.7,11.8
274,David Johnson,SG,20,TOR,2,0,1.0,0.0,0.5,.000,0.0,0.5,.000,0.0,0.0,0,.000,0.0,0.0,0,0.0,0.0,0.0,0.0,0.0,0.0,0.0,0.0,0.0
275,Jalen Johnson,PF,20,ATL,11,0,4.7,0.7,1.5,.471,0.2,0.5,.333,0.5,1.0,.545,.529,0.4,0.5,.667,0.0,1.2,1.2,0.1,0.0,0.0,0.2,0.3,2.0
276,James Johnson,PF,34,BRK,31,2,17.2,2.0,4.2,.477,0.3,1.0,.258,1.7,3.2,.545,.508,0.2,0.5,.353,0.9,2.5,3.4,1.7,0.4,0.4,0.6,2.1,4.5
277,Joe Johnson,SG,40,BOS,1,0,2.0,1.0,1.0,1.000,0.0,0.0,0,1.0,1.0,1.000,1.000,0.0,0.0,0,0.0,0.0,0.0,0.0,0.0,0.0,0.0,0.0,2.0
278,Keldon Johnson,SF,22,SAS,43,42,30.7,5.6,12.0,.462,1.7,3.9,.443,3.8,8.1,.471,.534,2.0,2.9,.707,1.0,5.2,6.2,1.7,0.7,0.1,1.3,1.8,14.9
279,Keon Johnson,SG,19,LAC,15,0,9.0,1.1,3.4,.333,0.2,0.7,.273,0.9,2.7,.350,.363,1.1,1.4,.762,0.4,1.0,1.4,0.9,0.5,0.1,0.5,1.4,3.5
280,Stanley Johnson,PF,25,LAL,13,5,20.6,2.3,4.4,.526,0.8,2.4,.355,1.5,2.0,.731,.623,1.2,1.5,.789,0.5,2.2,2.7,1.3,0.8,0.4,0.5,3.1,6.6
Rk,Player,Pos,Age,Tm,G,GS,MP,FG,FGA,FG%,3P,3PA,3P%,2P,2PA,2P%,eFG%,FT,FTA,FT%,ORB,DRB,TRB,AST,STL,BLK,TOV,PF,PTS
281,Tyler Johnson,PG,29,TOT,6,0,15.2,1.0,3.3,.300,0.8,2.2,.385,0.2,1.2,.143,.425,0.0,0.0,0,0.5,1.5,2.0,1.2,0.5,0.5,0.3,1.2,2.8
281,Tyler Johnson,PG,29,PHI,3,0,12.7,1.3,3.3,.400,1.0,2.3,.429,0.3,1.0,.333,.550,0.0,0.0,0,0.3,1.7,2.0,0.7,0.3,0.3,0.3,1.3,3.7
281,Tyler Johnson,PG,29,SAS,3,0,17.7,0.7,3.3,.200,0.7,2.0,.333,0.0,1.3,.000,.300,0.0,0.0,0,0.7,1.3,2.0,1.7,0.7,0.7,0.3,1.0,2.0
282,Nikola Jokić,C,26,DEN,40,40,33.2,10.2,17.7,.573,1.5,4.2,.363,8.6,13.5,.639,.617,4.3,5.4,.793,2.8,11.0,13.8,7.6,1.4,0.8,3.5,2.5,26.1
283,Carlik Jones,PG,24,TOT,5,0,4.6,0.2,1.8,.111,0.0,0.2,.000,0.2,1.6,.125,.111,0.4,0.4,1.000,0.2,0.4,0.6,1.0,0.2,0.0,0.6,0.0,0.8
283,Carlik Jones,PG,24,DAL,3,0,6.3,0.0,2.3,.000,0.0,0.3,.000,0.0,2.0,.000,.000,0.7,0.7,1.000,0.3,0.7,1.0,1.7,0.3,0.0,1.0,0.0,0.7
283,Carlik Jones,PG,24,DEN,2,0,2.0,0.5,1.0,.500,0.0,0.0,0,0.5,1.0,.500,.500,0.0,0.0,0,0.0,0.0,0.0,0.0,0.0,0.0,0.0,0.0,1.0
284,Damian Jones,C,26,SAC,28,4,14.5,2.1,3.7,.583,0.1,0.4,.250,2.0,3.3,.626,.597,1.2,1.8,.694,1.6,2.6,4.2,1.0,0.2,0.4,1.0,2.0,5.6
285,Derrick Jones Jr.,PF,24,CHI,31,8,17.2,2.3,3.9,.582,0.5,1.2,.405,1.8,2.7,.659,.643,1.3,1.5,.848,1.2,2.2,3.4,0.5,0.5,0.7,0.5,2.3,6.3
286,Herbert Jones,C,23,NOP,43,34,29.3,3.5,7.1,.500,0.7,1.7,.384,2.9,5.4,.537,.546,1.4,1.8,.803,1.2,2.5,3.7,1.9,1.5,1.0,1.0,3.1,9.1
287,Jemerrio Jones,SF,26,LAL,2,0,7.5,1.0,1.5,.667,0.0,0.0,0,1.0,1.5,.667,.667,0.0,0.0,0,1.0,0.5,1.5,0.0,0.5,0.0,0.0,1.0,2.0
288,Kai Jones,C,21,CHO,14,0,2.8,0.3,0.5,.571,0.0,0.1,.000,0.3,0.4,.667,.571,0.1,0.3,.250,0.1,0.4,0.4,0.1,0.0,0.0,0.4,0.2,0.6
289,Mason Jones,SG,23,LAL,2,0,4.5,1.0,4.0,.250,0.0,1.0,.000,1.0,3.0,.333,.250,0.5,1.0,.500,0.5,0.5,1.0,0.0,0.5,0.0,0.5,0.5,2.5
290,Tre Jones,PG,22,SAS,37,2,12.3,1.8,3.6,.485,0.1,0.4,.143,1.7,3.2,.525,.493,0.6,0.6,.957,0.4,1.5,1.9,2.2,0.4,0.0,0.6,0.9,4.2
291,Tyus Jones,PG,25,MEM,45,13,21.1,3.2,6.8,.471,1.0,2.5,.386,2.2,4.3,.521,.542,0.8,0.8,.921,0.3,2.4,2.7,4.2,0.9,0.0,0.8,0.4,8.2
292,DeAndre Jordan,C,33,LAL,29,18,13.0,2.0,3.0,.674,0.0,0.0,0,2.0,3.0,.674,.674,0.3,0.6,.588,1.6,4.0,5.5,0.4,0.3,0.9,0.7,1.7,4.3
293,Cory Joseph,PG,30,DET,35,9,23.5,2.8,6.1,.462,1.0,2.3,.444,1.8,3.7,.473,.547,1.8,2.1,.838,0.4,1.9,2.3,4.0,0.7,0.2,1.4,1.8,8.4
294,Georgios Kalaitzakis,SF,23,MIL,9,0,5.3,0.6,1.2,.455,0.2,0.4,.500,0.3,0.8,.429,.545,0.4,1.0,.444,0.4,0.4,0.9,0.0,0.1,0.1,0.4,0.9,1.8
295,Frank Kaminsky,C,28,PHO,9,0,20.1,4.0,7.3,.545,0.6,1.7,.333,3.4,5.7,.608,.583,2.0,2.2,.900,1.2,3.3,4.6,1.4,0.9,0.8,0.6,1.6,10.6
296,Luke Kennard,SG,25,LAC,38,10,28.7,4.0,9.4,.426,2.7,6.4,.430,1.3,3.0,.417,.571,0.9,1.0,.868,0.2,3.2,3.3,2.0,0.7,0.1,0.8,1.6,11.6
297,Braxton Key,SF,24,PHI,2,0,3.0,0.5,1.0,.500,0.0,0.5,.000,0.5,0.5,1.000,.500,0.0,0.0,0,0.5,0.5,1.0,0.5,0.5,0.0,1.0,0.5,1.0
298,George King,SF,28,DAL,4,0,4.8,0.0,1.3,.000,0.0,1.0,.000,0.0,0.3,.000,.000,0.3,0.5,.500,0.0,1.3,1.3,0.0,0.0,0.0,0.3,1.0,0.3
299,Louis King,SF,22,SAC,5,0,11.0,1.8,5.2,.346,1.0,3.2,.313,0.8,2.0,.400,.442,1.2,1.4,.857,0.0,1.6,1.6,0.2,0.4,0.0,0.0,1.6,5.8
300,Corey Kispert,SF,22,WAS,42,7,18.1,2.1,4.9,.434,0.9,2.7,.322,1.2,2.1,.578,.524,0.8,0.9,.868,0.5,1.6,2.2,0.8,0.3,0.3,0.5,0.9,5.9
Rk,Player,Pos,Age,Tm,G,GS,MP,FG,FGA,FG%,3P,3PA,3P%,2P,2PA,2P%,eFG%,FT,FTA,FT%,ORB,DRB,TRB,AST,STL,BLK,TOV,PF,PTS
301,Maxi Kleber,PF,30,DAL,32,15,24.7,2.4,6.0,.408,1.6,4.5,.361,0.8,1.5,.553,.545,0.7,1.0,.742,1.1,4.6,5.7,1.2,0.4,0.9,0.8,2.3,7.2
302,Brandon Knight,PG,30,DAL,3,0,18.0,3.0,6.7,.450,1.3,4.3,.308,1.7,2.3,.714,.550,2.7,2.7,1.000,0.0,2.3,2.3,2.7,0.3,0.0,1.3,1.7,10.0
303,Nathan Knight,PF,24,MIN,23,2,8.0,1.0,2.2,.480,0.1,0.3,.286,1.0,1.9,.512,.500,1.2,1.7,.700,1.0,1.5,2.5,0.6,0.2,0.3,0.5,1.1,3.4
304,Kevin Knox,SF,22,TOT,16,0,8.8,1.2,3.1,.380,0.7,2.2,.314,0.5,0.9,.533,.490,0.4,0.6,.700,0.5,1.1,1.6,0.3,0.2,0.1,0.4,0.4,3.5
304,Kevin Knox,SF,22,NYK,13,0,8.5,1.2,3.1,.375,0.8,2.2,.357,0.4,0.9,.417,.500,0.5,0.8,.700,0.6,1.1,1.7,0.2,0.2,0.1,0.4,0.4,3.6
304,Kevin Knox,SF,22,ATL,3,0,10.0,1.3,3.3,.400,0.3,2.3,.143,1.0,1.0,1.000,.450,0.0,0.0,0,0.0,1.3,1.3,0.3,0.3,0.0,0.3,0.7,3.0
305,John Konchar,SG,25,MEM,41,5,18.0,1.9,3.6,.517,0.7,1.7,.441,1.1,2.0,.580,.617,0.4,0.7,.593,1.3,3.2,4.5,1.4,0.7,0.3,0.5,1.2,4.9
306,Furkan Korkmaz,SG,24,PHI,42,15,24.1,3.3,8.5,.394,1.4,4.8,.295,1.9,3.7,.523,.477,1.0,1.3,.830,0.3,2.8,3.1,2.4,0.6,0.1,0.8,1.0,9.1
307,Luke Kornet,C,26,TOT,3,0,6.0,0.3,2.0,.167,0.0,0.3,.000,0.3,1.7,.200,.167,0.7,1.0,.667,1.0,0.3,1.3,0.3,0.0,0.3,0.0,0.7,1.3
307,Luke Kornet,C,26,CLE,2,0,7.5,0.5,2.5,.200,0.0,0.5,.000,0.5,2.0,.250,.200,1.0,1.5,.667,1.0,0.5,1.5,0.5,0.0,0.5,0.0,0.5,2.0
307,Luke Kornet,C,26,MIL,1,0,3.0,0.0,1.0,.000,0.0,0.0,0,0.0,1.0,.000,.000,0.0,0.0,0,1.0,0.0,1.0,0.0,0.0,0.0,0.0,1.0,0.0
308,Vit Krejci,SG,21,OKC,3,0,3.0,0.0,0.7,.000,0.0,0.7,.000,0.0,0.0,0,.000,0.7,0.7,1.000,0.0,1.0,1.0,0.0,0.0,0.0,0.3,0.0,0.7
309,Arnoldas Kulboka,SF,24,CHO,1,0,3.0,0.0,0.0,0,0.0,0.0,0,0.0,0.0,0,0,0.0,0.0,0,0.0,0.0,0.0,0.0,0.0,0.0,0.0,0.0,0.0
310,Jonathan Kuminga,SF,19,GSW,35,4,11.8,2.2,4.7,.470,0.5,1.5,.296,1.8,3.2,.554,.518,1.4,2.1,.653,0.5,1.8,2.3,0.5,0.4,0.2,0.7,1.5,6.3
311,Kyle Kuzma,PF,26,WAS,44,44,33.1,5.9,13.0,.452,1.8,5.4,.328,4.1,7.6,.540,.520,2.1,3.0,.684,1.1,7.7,8.8,2.9,0.6,0.8,2.2,2.0,15.6
312,Anthony Lamb,SF,24,SAS,2,0,4.0,0.0,1.0,.000,0.0,1.0,.000,0.0,0.0,0,.000,0.0,0.0,0,0.0,0.5,0.5,1.0,0.0,0.0,0.0,0.0,0.0
313,Jeremy Lamb,SF,29,IND,33,0,15.4,2.2,6.0,.371,1.0,3.1,.320,1.2,2.8,.426,.454,1.8,2.1,.882,0.5,2.1,2.5,1.3,0.5,0.4,0.6,1.2,7.2
314,Jock Landale,C,26,SAS,29,1,10.3,1.8,3.5,.510,0.6,1.5,.372,1.2,2.0,.610,.588,0.7,0.8,.870,1.2,1.1,2.3,1.0,0.2,0.4,0.7,0.9,4.8
315,Romeo Langford,SG,22,BOS,37,5,17.8,1.9,4.4,.436,0.7,2.0,.342,1.2,2.4,.511,.512,0.5,0.8,.643,0.8,1.9,2.7,0.5,0.6,0.4,0.4,1.1,5.0
316,Zach LaVine,SF,26,CHI,39,39,34.0,8.9,18.4,.487,2.9,7.2,.408,6.0,11.2,.538,.567,4.1,4.7,.868,0.3,4.5,4.8,4.2,0.6,0.4,2.8,1.6,24.9
317,Jake Layman,SF,27,MIN,20,1,8.0,0.9,2.3,.370,0.2,1.2,.167,0.7,1.1,.591,.413,0.3,0.4,.750,0.2,1.0,1.2,0.3,0.3,0.2,0.4,0.4,2.2
318,Damion Lee,SG,29,GSW,36,2,20.4,3.0,6.6,.458,1.2,3.2,.368,1.8,3.4,.541,.547,1.0,1.2,.860,0.4,2.7,3.1,0.9,0.6,0.1,0.7,1.6,8.2
319,Saben Lee,PG,22,DET,26,0,15.4,1.8,4.7,.380,0.5,1.7,.273,1.3,3.0,.442,.430,1.3,1.7,.767,0.4,2.2,2.5,2.4,1.0,0.4,1.0,0.9,5.3
320,Alex Len,C,28,SAC,30,9,17.4,2.6,5.0,.523,0.2,0.6,.316,2.4,4.4,.553,.543,1.1,1.7,.654,1.6,3.2,4.8,1.2,0.3,0.8,1.3,2.9,6.6
Rk,Player,Pos,Age,Tm,G,GS,MP,FG,FGA,FG%,3P,3PA,3P%,2P,2PA,2P%,eFG%,FT,FTA,FT%,ORB,DRB,TRB,AST,STL,BLK,TOV,PF,PTS
321,Caris LeVert,SG,27,IND,33,33,30.7,7.1,15.9,.445,1.7,5.0,.331,5.4,10.8,.497,.497,2.7,3.4,.786,0.8,2.9,3.7,4.2,1.0,0.5,1.9,2.2,18.5
322,Kira Lewis Jr.,PG,20,NOP,24,0,14.2,2.5,6.1,.404,0.5,2.4,.224,1.9,3.7,.523,.449,0.4,0.5,.833,0.4,1.3,1.6,2.0,0.5,0.0,1.1,0.7,5.9
323,Scottie Lewis,SG,21,CHO,2,0,3.5,0.0,0.0,0,0.0,0.0,0,0.0,0.0,0,0,0.5,1.0,.500,0.0,0.0,0.0,0.5,0.5,0.0,0.0,0.0,0.5
324,Damian Lillard,PG,31,POR,29,29,36.4,7.7,19.0,.402,3.2,9.8,.324,4.5,9.2,.485,.486,5.5,6.2,.878,0.4,3.7,4.1,7.3,0.6,0.4,2.9,1.3,24.0
325,Nassir Little,SF,21,POR,41,22,25.8,3.4,7.4,.454,1.1,3.6,.318,2.2,3.8,.583,.531,1.6,2.2,.736,1.3,4.2,5.6,1.3,0.6,0.9,1.0,2.0,9.5
326,Isaiah Livers,SF,23,DET,1,0,5.0,0.0,2.0,.000,0.0,2.0,.000,0.0,0.0,0,.000,0.0,0.0,0,0.0,0.0,0.0,0.0,1.0,1.0,1.0,1.0,0.0
327,Kevon Looney,C,25,GSW,47,47,20.7,2.6,4.7,.553,0.0,0.0,.000,2.6,4.6,.555,.553,1.0,1.6,.645,2.7,4.6,7.2,1.6,0.6,0.8,0.9,2.6,6.2
328,Brook Lopez,C,33,MIL,1,1,28.0,3.0,9.0,.333,2.0,4.0,.500,1.0,5.0,.200,.444,0.0,0.0,0,2.0,3.0,5.0,0.0,1.0,3.0,0.0,3.0,8.0
329,Robin Lopez,C,33,ORL,22,9,18.6,3.8,6.5,.583,0.0,0.2,.250,3.8,6.4,.593,.587,0.9,1.5,.594,2.3,1.5,3.8,1.9,0.0,0.5,1.3,2.0,8.5
330,Didi Louzada,SF,22,NOP,2,0,3.5,0.0,1.5,.000,0.0,1.5,.000,0.0,0.0,0,.000,0.0,0.0,0,1.0,0.0,1.0,0.5,0.0,0.0,0.0,0.0,0.0
331,Kevin Love,PF,33,CLE,40,2,21.4,4.3,9.9,.434,2.5,6.2,.402,1.8,3.8,.487,.559,2.9,3.3,.871,1.1,6.2,7.2,2.2,0.3,0.2,1.3,1.0,14.0
332,Kyle Lowry,PG,35,MIA,39,39,34.2,4.5,10.8,.412,2.1,6.4,.327,2.4,4.5,.534,.508,2.4,2.8,.847,0.6,3.8,4.5,8.3,1.0,0.4,3.1,2.8,13.4
333,Timothé Luwawu-Cabarrot,SF,26,ATL,31,12,13.9,1.5,3.8,.390,0.9,2.6,.354,0.5,1.2,.472,.513,0.5,0.6,.850,0.3,1.2,1.5,0.8,0.4,0.1,0.4,1.5,4.5
334,Trey Lyles,PF,26,DET,43,3,19.4,3.3,7.4,.447,0.8,2.9,.286,2.5,4.5,.552,.503,2.6,3.3,.775,1.3,3.6,4.8,1.2,0.4,0.5,1.0,1.7,10.0
335,Théo Maledon,PG,20,OKC,21,0,13.6,1.0,3.7,.282,0.4,2.1,.182,0.7,1.6,.412,.333,1.2,1.4,.867,0.4,1.4,1.8,1.0,0.5,0.1,0.9,1.0,3.7
336,Sandro Mamukelashvili,PF,22,MIL,24,2,11.4,1.3,3.1,.427,0.5,1.5,.371,0.8,1.7,.475,.513,0.4,0.5,.750,1.1,1.1,2.2,0.5,0.3,0.3,0.4,0.7,3.6
337,Terance Mann,SF,25,LAC,47,15,29.3,3.9,8.2,.478,1.0,2.8,.371,2.9,5.4,.534,.542,1.4,1.8,.744,1.4,3.9,5.3,2.3,0.6,0.1,1.1,2.2,10.2
338,Tre Mann,PG,20,OKC,34,2,17.1,2.7,6.7,.397,1.0,2.9,.361,1.6,3.9,.424,.474,0.6,0.9,.667,0.4,1.8,2.2,0.8,0.5,0.2,0.6,1.6,7.0
339,Boban Marjanović,C,33,DAL,16,0,5.9,2.2,3.5,.625,0.1,0.2,.333,2.1,3.3,.642,.634,0.5,1.0,.500,0.4,1.4,1.9,0.1,0.0,0.1,0.7,1.2,4.9
340,Lauri Markkanen,PF,24,CLE,38,38,30.2,4.9,11.3,.436,2.0,5.9,.342,2.9,5.4,.539,.526,1.7,1.9,.863,1.1,4.2,5.3,1.5,0.8,0.6,0.8,1.8,13.6
Rk,Player,Pos,Age,Tm,G,GS,MP,FG,FGA,FG%,3P,3PA,3P%,2P,2PA,2P%,eFG%,FT,FTA,FT%,ORB,DRB,TRB,AST,STL,BLK,TOV,PF,PTS
341,Naji Marshall,SF,24,NOP,23,0,9.6,1.0,3.0,.329,0.2,1.2,.143,0.8,1.8,.452,.357,1.1,1.3,.862,0.6,1.8,2.4,0.9,0.4,0.1,0.9,1.0,3.3
342,Caleb Martin,SF,26,MIA,37,9,23.1,3.8,7.2,.519,1.1,2.8,.382,2.7,4.5,.602,.591,1.2,1.6,.717,1.2,2.7,3.9,0.9,1.1,0.5,0.8,1.8,9.7
343,Cody Martin,SF,26,CHO,42,7,27.0,3.0,6.4,.468,1.0,2.3,.453,2.0,4.1,.477,.549,1.2,1.7,.714,1.2,3.0,4.2,2.7,1.4,0.5,0.9,1.6,8.2
344,Kelan Martin,SF,26,IND,27,1,16.4,2.6,6.2,.417,0.8,2.7,.297,1.8,3.5,.511,.482,0.3,0.5,.692,0.6,1.4,2.0,0.8,0.5,0.3,0.5,1.3,6.3
345,Kenyon Martin Jr.,SF,21,HOU,44,0,19.1,3.2,6.2,.515,0.6,1.8,.309,2.6,4.4,.601,.560,1.0,1.6,.657,1.0,2.8,3.8,1.4,0.4,0.5,0.7,1.3,8.0
346,Garrison Mathews,SG,25,HOU,30,16,27.6,3.3,7.9,.416,2.5,6.6,.377,0.8,1.3,.615,.574,2.4,2.9,.818,0.5,3.1,3.6,0.9,0.7,0.4,0.6,3.0,11.5
347,Dakota Mathias,SG,26,MEM,6,0,2.7,0.3,1.0,.333,0.3,1.0,.333,0.0,0.0,0,.500,0.0,0.0,0,0.0,0.3,0.3,0.2,0.2,0.0,0.0,0.2,1.0
348,Wesley Matthews,SG,35,MIL,21,6,20.6,2.3,5.1,.458,1.4,3.6,.395,0.9,1.5,.613,.598,0.2,0.4,.500,0.6,1.5,2.1,0.8,0.5,0.2,0.4,1.8,6.3
349,Tyrese Maxey,PG,21,PHI,39,38,35.3,6.3,13.4,.467,1.4,3.5,.407,4.8,9.9,.487,.519,2.8,3.2,.879,0.4,3.1,3.4,4.5,0.7,0.5,1.2,2.1,16.7
350,Skylar Mays,SG,24,ATL,18,5,10.3,1.7,3.3,.517,0.4,1.4,.320,1.3,1.9,.657,.583,0.4,0.4,1.000,0.3,1.1,1.3,0.8,0.4,0.0,0.3,0.3,4.3
351,Miles McBride,PG,21,NYK,18,2,8.1,0.8,3.0,.278,0.3,1.6,.179,0.6,1.4,.385,.324,0.2,0.2,.750,0.1,0.8,0.9,1.2,0.4,0.1,0.2,0.8,2.1
352,Mac McClung,PG,23,CHI,1,0,3.0,1.0,1.0,1.000,0.0,0.0,0,1.0,1.0,1.000,1.000,0.0,0.0,0,0.0,0.0,0.0,0.0,0.0,0.0,1.0,0.0,2.0
353,CJ McCollum,SG,30,POR,28,28,35.1,8.0,18.4,.433,3.3,8.0,.406,4.7,10.4,.454,.521,1.4,2.0,.702,1.0,3.2,4.2,4.4,1.1,0.7,2.2,2.1,20.6
354,T.J. McConnell,PG,29,IND,24,6,24.2,3.8,7.5,.503,0.3,1.0,.280,3.5,6.5,.538,.522,0.5,0.6,.800,0.8,2.5,3.3,4.8,1.0,0.4,1.2,1.8,8.4
355,Jaden McDaniels,PF,21,MIN,43,18,25.8,3.3,7.8,.420,0.9,3.5,.268,2.3,4.3,.540,.479,0.7,0.9,.784,1.3,3.1,4.4,1.0,0.8,0.7,1.1,3.3,8.2
356,Jalen McDaniels,SF,24,CHO,39,2,17.6,2.5,5.1,.492,0.8,2.2,.372,1.7,2.8,.586,.574,0.8,1.2,.674,0.7,2.7,3.5,1.1,0.5,0.4,0.8,1.8,6.6
357,Doug McDermott,PF,30,SAS,32,32,24.7,4.3,9.4,.455,2.1,5.2,.410,2.2,4.2,.511,.568,0.6,0.8,.704,0.4,2.0,2.4,1.2,0.2,0.1,0.8,1.5,11.3
358,JaVale McGee,C,34,PHO,42,14,16.3,4.3,6.5,.651,0.0,0.1,.250,4.2,6.5,.657,.653,1.5,2.2,.674,2.4,4.7,7.1,0.6,0.3,0.9,1.5,2.7,10.0
359,Cameron McGriff,SF,24,POR,3,0,15.3,1.7,4.7,.357,0.7,2.0,.333,1.0,2.7,.375,.429,0.7,0.7,1.000,2.0,3.0,5.0,1.0,0.0,0.3,0.0,2.3,4.7
360,Rodney McGruder,SG,30,DET,21,0,12.5,1.8,3.7,.474,0.9,2.1,.422,0.9,1.6,.545,.596,0.2,0.3,.667,0.6,1.4,2.0,0.7,0.3,0.1,0.6,0.9,4.6
Rk,Player,Pos,Age,Tm,G,GS,MP,FG,FGA,FG%,3P,3PA,3P%,2P,2PA,2P%,eFG%,FT,FTA,FT%,ORB,DRB,TRB,AST,STL,BLK,TOV,PF,PTS
361,Alfonzo McKinnie,SF,29,CHI,14,3,14.3,1.7,4.2,.407,0.6,1.9,.346,1.1,2.4,.455,.483,0.1,0.4,.167,0.9,1.2,2.1,0.4,0.1,0.2,0.5,1.8,4.1
362,JaQuori McLaughlin,PG,24,DAL,4,0,2.8,0.0,0.5,.000,0.0,0.3,.000,0.0,0.3,.000,.000,0.0,0.0,0,0.0,0.0,0.0,0.5,0.0,0.0,0.0,0.3,0.0
363,Jordan McLaughlin,PG,25,MIN,29,2,10.9,0.7,2.6,.284,0.1,1.0,.143,0.6,1.6,.370,.311,0.5,0.8,.682,0.2,0.8,1.0,2.3,0.6,0.0,0.7,0.4,2.1
364,Ben McLemore,SG,28,POR,29,4,17.2,3.0,7.1,.427,2.3,5.7,.412,0.7,1.4,.488,.592,0.7,0.8,.792,0.2,1.1,1.3,0.8,0.4,0.1,0.7,1.5,9.1
365,De'Anthony Melton,SG,23,MEM,40,13,22.9,3.5,9.2,.383,1.5,4.7,.317,2.0,4.5,.453,.465,1.2,1.7,.701,1.0,3.4,4.4,2.8,1.6,0.6,1.5,1.9,9.7
366,Sam Merrill,SG,25,MEM,6,0,9.7,1.3,4.0,.333,1.2,3.8,.304,0.2,0.2,1.000,.479,0.3,0.7,.500,0.2,1.0,1.2,0.7,0.0,0.0,0.3,0.5,4.2
367,Chimezie Metu,C,24,SAC,32,19,22.2,3.4,8.2,.420,1.0,3.7,.274,2.4,4.5,.538,.481,1.0,1.3,.744,0.7,5.4,6.0,1.1,0.9,0.6,0.9,1.5,8.9
368,Khris Middleton,SF,30,MIL,37,37,31.9,6.7,15.2,.442,2.4,6.2,.391,4.3,8.9,.477,.522,4.2,4.8,.886,0.6,5.1,5.7,5.3,1.1,0.3,3.2,2.4,20.1
369,C.J. Miles,SG,34,BOS,1,0,2.0,0.0,0.0,0,0.0,0.0,0,0.0,0.0,0,0,0.0,0.0,0,0.0,0.0,0.0,0.0,0.0,0.0,0.0,1.0,0.0
370,Patty Mills,PG,33,BRK,45,28,31.0,4.8,10.9,.441,3.2,7.6,.425,1.6,3.3,.477,.589,0.7,0.8,.886,0.2,1.9,2.2,2.5,0.6,0.3,1.0,1.4,13.5
371,Paul Millsap,PF,36,BRK,24,0,11.3,1.3,3.5,.376,0.3,1.1,.222,1.1,2.4,.448,.412,0.5,0.7,.706,1.2,2.5,3.7,1.0,0.2,0.5,0.5,2.0,3.4
372,Shake Milton,PG,25,PHI,27,6,24.7,4.0,9.4,.429,0.9,2.9,.316,3.1,6.5,.480,.478,1.5,1.8,.854,0.5,2.5,3.0,2.8,0.7,0.4,1.1,2.1,10.5
373,Davion Mitchell,PG,23,SAC,42,1,24.5,3.7,9.5,.395,1.1,3.7,.308,2.6,5.7,.452,.456,0.5,0.9,.595,0.5,1.7,2.3,3.2,0.7,0.3,1.0,1.8,9.1
374,Donovan Mitchell,SG,25,UTA,40,40,33.5,9.3,20.7,.450,3.2,9.5,.339,6.1,11.2,.545,.528,3.7,4.2,.876,0.8,3.1,4.0,5.2,1.6,0.2,3.0,2.5,25.5
375,Evan Mobley,PF,20,CLE,40,40,34.4,6.2,12.1,.510,0.4,1.4,.304,5.8,10.7,.537,.528,2.2,3.3,.674,1.8,6.4,8.2,2.7,0.8,1.7,2.0,2.0,15.0
376,Malik Monk,SG,23,LAL,42,11,26.1,4.4,9.2,.477,2.1,5.1,.405,2.3,4.1,.566,.589,1.0,1.2,.824,0.5,2.5,3.0,2.3,0.7,0.5,1.3,1.5,11.9
377,Greg Monroe,C,31,TOT,5,0,16.2,2.6,4.4,.591,0.0,0.0,0,2.6,4.4,.591,.591,0.4,1.0,.400,2.4,3.8,6.2,2.4,0.6,1.0,1.2,1.8,5.6
377,Greg Monroe,C,31,MIN,3,0,21.0,3.0,4.7,.643,0.0,0.0,0,3.0,4.7,.643,.643,0.7,1.7,.400,1.7,5.3,7.0,3.7,0.7,1.3,1.3,2.3,6.7
377,Greg Monroe,C,31,WAS,2,0,9.0,2.0,4.0,.500,0.0,0.0,0,2.0,4.0,.500,.500,0.0,0.0,0,3.5,1.5,5.0,0.5,0.5,0.5,1.0,1.0,4.0
378,Moses Moody,SG,19,GSW,26,1,7.0,0.8,2.3,.339,0.2,1.3,.121,0.6,1.0,.615,.373,0.5,0.6,.800,0.2,0.9,1.0,0.3,0.1,0.2,0.2,0.5,2.2
379,Xavier Moon,SG,27,LAC,6,0,13.8,2.3,5.7,.412,0.5,1.7,.300,1.8,4.0,.458,.456,0.3,0.5,.667,0.2,1.3,1.5,1.7,0.8,0.2,0.5,0.7,5.5
380,Matt Mooney,SG,24,NYK,1,0,2.0,0.0,1.0,.000,0.0,1.0,.000,0.0,0.0,0,.000,0.0,0.0,0,0.0,0.0,0.0,0.0,1.0,0.0,1.0,0.0,0.0
Rk,Player,Pos,Age,Tm,G,GS,MP,FG,FGA,FG%,3P,3PA,3P%,2P,2PA,2P%,eFG%,FT,FTA,FT%,ORB,DRB,TRB,AST,STL,BLK,TOV,PF,PTS
381,Ja Morant,PG,22,MEM,36,36,32.9,9.4,19.4,.487,1.5,4.4,.350,7.9,15.0,.527,.527,4.9,6.4,.773,1.5,4.5,6.0,6.9,1.3,0.4,3.4,1.4,25.3
382,Juwan Morgan,PF,24,TOR,1,0,27.0,2.0,3.0,.667,1.0,2.0,.500,1.0,1.0,1.000,.833,0.0,0.0,0,2.0,2.0,4.0,1.0,0.0,0.0,0.0,3.0,5.0
383,Jaylen Morris,SG,26,SAS,3,0,5.3,0.0,2.0,.000,0.0,0.7,.000,0.0,1.3,.000,.000,0.7,1.3,.500,0.0,0.7,0.7,0.7,0.0,0.0,0.3,0.7,0.7
384,Marcus Morris,PF,32,LAC,26,26,30.3,5.5,13.2,.417,2.0,5.4,.364,3.5,7.8,.453,.491,2.6,3.0,.859,0.6,4.6,5.2,2.2,0.5,0.3,1.3,2.3,15.5
385,Markieff Morris,PF,32,MIA,10,0,18.7,3.2,7.0,.457,0.8,2.2,.364,2.4,4.8,.500,.514,0.5,0.5,1.000,1.3,1.5,2.8,1.4,0.3,0.1,1.2,2.2,7.7
386,Monte Morris,PG,26,DEN,42,41,30.0,5.1,10.9,.470,1.6,4.4,.373,3.5,6.5,.537,.546,0.7,0.9,.784,0.3,2.5,2.8,4.1,0.7,0.1,1.2,1.3,12.6
387,Emmanuel Mudiay,PG,25,SAC,2,0,5.5,0.0,1.0,.000,0.0,0.0,0,0.0,1.0,.000,.000,1.5,2.0,.750,0.0,0.0,0.0,2.0,0.5,0.0,0.5,0.5,1.5
388,Mychal Mulder,PG,27,ORL,15,2,13.0,1.3,4.5,.299,0.9,3.1,.283,0.5,1.4,.333,.396,0.1,0.1,1.000,0.1,1.3,1.4,0.2,0.3,0.1,0.5,0.8,3.7
389,Ade Murkey,SG,24,SAC,1,0,1.0,0.0,0.0,0,0.0,0.0,0,0.0,0.0,0,0,0.0,0.0,0,0.0,0.0,0.0,0.0,0.0,0.0,0.0,0.0,0.0
390,Trey Murphy III,SF,21,NOP,36,0,12.8,1.2,3.7,.328,0.9,2.7,.340,0.3,1.0,.297,.451,0.4,0.5,.824,0.7,1.4,2.1,0.6,0.3,0.1,0.3,0.9,3.8
391,Dejounte Murray,PG,25,SAS,42,42,34.4,8.0,17.8,.449,1.4,4.2,.322,6.6,13.6,.489,.487,1.9,2.6,.730,1.3,7.1,8.5,9.0,2.0,0.4,2.4,2.0,19.3
392,Mike Muscala,C,30,OKC,39,0,13.5,2.7,5.8,.462,1.7,3.8,.433,1.0,1.9,.520,.607,1.1,1.3,.880,0.4,2.5,2.9,0.5,0.4,0.6,0.3,1.3,8.1
393,Svi Mykhailiuk,SF,24,TOR,38,5,16.9,2.2,5.3,.408,0.9,2.9,.315,1.2,2.4,.522,.495,0.7,0.8,.844,0.5,1.8,2.3,1.1,0.6,0.1,0.7,1.2,5.9
394,Abdel Nader,SF,28,PHO,14,0,10.4,0.9,2.5,.343,0.3,1.0,.286,0.6,1.5,.381,.400,0.4,0.7,.600,0.3,1.6,1.9,0.5,0.6,0.3,0.8,1.4,2.4
395,Larry Nance Jr.,PF,29,POR,37,11,23.2,2.8,5.4,.515,0.5,1.7,.306,2.2,3.7,.610,.563,0.9,1.3,.653,1.6,4.1,5.6,2.0,1.0,0.4,0.7,1.8,6.9
396,RJ Nembhard Jr.,SG,22,CLE,6,0,7.0,0.8,1.8,.455,0.0,0.2,.000,0.8,1.7,.500,.455,0.2,0.3,.500,0.0,0.3,0.3,1.7,0.0,0.0,0.2,0.3,1.8
397,Aaron Nesmith,SF,22,BOS,32,1,10.5,1.2,3.3,.365,0.5,2.1,.235,0.7,1.1,.611,.442,0.3,0.4,.769,0.3,1.5,1.8,0.3,0.3,0.1,0.6,1.3,3.2
398,Raul Neto,PG,29,WAS,40,0,19.8,2.9,6.6,.447,0.4,1.7,.224,2.6,4.9,.523,.475,1.1,1.5,.759,0.2,1.9,2.0,2.6,0.7,0.0,1.3,1.5,7.3
399,Malik Newman,PG,24,CLE,1,0,8.0,3.0,5.0,.600,0.0,1.0,.000,3.0,4.0,.750,.600,2.0,2.0,1.000,0.0,1.0,1.0,1.0,0.0,0.0,1.0,0.0,8.0
400,Georges Niang,PF,28,PHI,42,5,23.1,3.4,7.9,.429,1.9,5.0,.386,1.5,2.9,.504,.551,0.9,1.0,.878,0.4,2.4,2.7,1.4,0.5,0.2,0.7,2.6,9.5
Rk,Player,Pos,Age,Tm,G,GS,MP,FG,FGA,FG%,3P,3PA,3P%,2P,2PA,2P%,eFG%,FT,FTA,FT%,ORB,DRB,TRB,AST,STL,BLK,TOV,PF,PTS
401,Daishen Nix,SG,19,HOU,8,0,8.4,1.6,2.5,.650,0.4,0.9,.429,1.3,1.6,.769,.725,0.1,0.4,.333,0.1,1.1,1.3,1.3,0.9,0.0,1.1,0.4,3.8
402,Zeke Nnaji,PF,21,DEN,29,0,15.0,2.2,4.3,.500,0.9,1.9,.491,1.2,2.4,.507,.607,1.0,1.6,.630,1.2,2.2,3.3,0.3,0.2,0.3,0.3,1.8,6.3
403,Nerlens Noel,C,27,NYK,20,11,23.5,1.5,2.7,.547,0.0,0.2,.000,1.5,2.5,.580,.547,0.8,1.1,.714,2.3,4.0,6.3,0.8,1.2,1.4,0.8,2.7,3.7
404,Jaylen Nowell,SG,22,MIN,31,0,14.5,3.2,6.6,.488,0.9,2.3,.380,2.4,4.3,.545,.554,1.0,1.4,.727,0.3,1.8,2.1,2.1,0.5,0.2,0.5,1.1,8.4
405,Frank Ntilikina,PG,23,DAL,36,5,12.8,1.5,4.1,.374,0.8,2.1,.355,0.8,2.0,.394,.466,0.5,0.5,1.000,0.2,1.2,1.4,1.3,0.6,0.1,0.6,1.1,4.3
406,Jusuf Nurkić,C,27,POR,43,43,27.2,5.4,10.1,.540,0.2,1.0,.205,5.2,9.0,.578,.551,3.2,4.6,.694,2.7,8.1,10.8,2.7,1.2,0.6,2.5,3.4,14.3
407,David Nwaba,SF,29,HOU,33,4,14.2,2.0,4.3,.475,0.3,1.1,.286,1.7,3.2,.538,.511,1.0,1.4,.702,0.9,3.0,3.9,0.8,0.7,0.5,0.5,1.2,5.4
408,Jordan Nwora,SF,23,MIL,37,9,20.3,3.3,8.1,.413,1.5,4.1,.375,1.8,3.9,.452,.508,0.4,0.5,.737,0.7,3.4,4.1,1.0,0.5,0.4,1.0,1.2,8.6
409,Royce O'Neale,SF,28,UTA,44,44,31.6,2.6,5.4,.479,1.4,3.6,.399,1.1,1.8,.641,.612,0.7,0.9,.763,0.9,4.3,5.2,2.5,1.3,0.5,0.9,2.5,7.2
410,Semi Ojeleye,PF,27,MIL,17,0,17.1,0.9,3.9,.224,0.5,2.3,.231,0.4,1.6,.214,.291,0.5,0.6,.818,1.5,1.9,3.4,0.3,0.3,0.3,0.3,1.5,2.8
411,Chuma Okeke,PF,23,ORL,37,10,23.7,2.8,7.7,.366,1.3,4.5,.287,1.5,3.2,.479,.451,0.8,0.9,.848,0.6,3.9,4.6,1.4,1.4,0.5,0.8,1.4,7.7
412,Josh Okogie,SG,23,MIN,30,6,12.8,0.8,2.4,.347,0.3,1.1,.273,0.5,1.3,.410,.410,0.8,1.2,.622,0.8,1.2,2.0,0.6,0.6,0.3,0.5,1.3,2.7
413,Onyeka Okongwu,C,21,ATL,14,6,24.1,3.7,5.0,.743,0.0,0.0,0,3.7,5.0,.743,.743,1.8,2.6,.694,2.4,3.8,6.2,1.1,0.6,1.8,1.3,3.4,9.2
414,Isaac Okoro,SF,21,CLE,33,27,28.4,3.3,7.3,.454,0.8,2.8,.283,2.5,4.5,.561,.508,1.8,2.4,.734,1.1,2.2,3.4,1.8,0.8,0.3,1.2,2.5,9.2
415,KZ Okpala,PF,22,MIA,21,0,11.6,1.4,3.3,.435,0.4,1.2,.346,1.0,2.0,.488,.500,0.4,0.5,.727,0.5,1.4,2.0,0.7,0.2,0.3,0.2,1.2,3.7
416,Cameron Oliver,SF,25,ATL,2,0,21.5,5.0,7.5,.667,0.5,1.5,.333,4.5,6.0,.750,.700,1.0,1.5,.667,1.0,2.0,3.0,1.5,0.5,0.5,0.0,2.5,11.5
417,Kelly Olynyk,C,30,DET,12,1,22.6,4.5,10.1,.446,1.3,4.3,.314,3.2,5.8,.543,.512,2.3,3.6,.628,1.4,4.1,5.5,2.8,1.3,0.7,1.5,2.8,12.6
418,Eugene Omoruyi,SF,24,DAL,4,0,4.5,0.5,1.3,.400,0.3,0.5,.500,0.3,0.8,.333,.500,0.5,1.0,.500,0.5,1.3,1.8,0.5,0.0,0.0,0.0,0.5,1.8
419,Miye Oni,SG,24,UTA,16,0,2.8,0.1,0.6,.222,0.1,0.5,.125,0.1,0.1,1.000,.278,0.0,0.1,.000,0.1,0.4,0.4,0.3,0.0,0.0,0.1,0.4,0.3
420,Cedi Osman,SF,26,CLE,36,0,22.3,3.7,8.6,.424,1.9,5.5,.354,1.7,3.1,.549,.537,1.1,1.8,.651,0.4,2.0,2.4,1.7,0.9,0.2,0.8,1.8,10.4
Rk,Player,Pos,Age,Tm,G,GS,MP,FG,FGA,FG%,3P,3PA,3P%,2P,2PA,2P%,eFG%,FT,FTA,FT%,ORB,DRB,TRB,AST,STL,BLK,TOV,PF,PTS
421,Daniel Oturu,C,22,TOR,3,0,9.0,1.0,2.0,.500,0.0,0.3,.000,1.0,1.7,.600,.500,1.0,1.7,.600,0.3,1.3,1.7,0.0,0.0,0.7,0.0,0.3,3.0
422,Kelly Oubre Jr.,SF,26,CHO,43,10,27.8,6.0,13.3,.452,2.8,7.7,.360,3.2,5.5,.580,.557,1.5,2.3,.653,1.0,2.9,4.0,1.1,1.1,0.3,1.0,2.4,16.3
423,Jaysean Paige,PG,27,DET,1,0,7.0,0.0,3.0,.000,0.0,2.0,.000,0.0,1.0,.000,.000,0.0,0.0,0,0.0,1.0,1.0,1.0,0.0,0.0,1.0,2.0,0.0
424,Trayvon Palmer,SG,27,DET,1,0,17.0,0.0,1.0,.000,0.0,0.0,0,0.0,1.0,.000,.000,0.0,0.0,0,0.0,2.0,2.0,0.0,0.0,0.0,1.0,2.0,0.0
425,Kevin Pangos,PG,29,CLE,20,3,8.1,0.8,2.3,.333,0.3,1.3,.231,0.5,1.0,.474,.400,0.2,0.2,.750,0.1,0.5,0.6,1.5,0.2,0.0,0.4,0.5,2.0
426,Jabari Parker,PF,26,BOS,12,0,9.3,1.5,3.2,.474,0.7,1.3,.500,0.8,1.8,.455,.579,0.8,0.8,1.000,0.4,1.9,2.3,0.5,0.3,0.1,0.7,1.1,4.4
427,Eric Paschall,PF,25,UTA,34,1,12.2,1.8,3.6,.492,0.6,1.7,.356,1.1,1.9,.619,.578,1.0,1.4,.739,0.6,1.3,2.0,0.5,0.1,0.1,0.6,1.0,5.1
428,Chris Paul,PG,36,PHO,46,46,32.6,5.5,11.2,.487,1.0,3.0,.329,4.5,8.2,.546,.532,2.4,2.9,.842,0.3,4.1,4.4,10.2,2.0,0.3,2.4,2.1,14.4
429,Cameron Payne,PG,27,PHO,40,0,20.4,4.0,9.8,.404,1.1,3.4,.336,2.8,6.4,.440,.462,1.4,1.7,.864,0.4,2.4,2.8,3.6,0.6,0.3,1.8,1.9,10.5
430,Elfrid Payton,PG,27,PHO,26,0,10.9,1.5,3.7,.406,0.0,0.3,.143,1.5,3.4,.427,.411,0.3,0.6,.500,0.5,1.4,1.9,1.7,0.5,0.1,0.9,0.9,3.3
431,Gary Payton II,PG,29,GSW,44,9,16.8,3.2,5.1,.631,0.7,1.8,.377,2.6,3.4,.764,.696,0.5,1.0,.571,1.1,2.6,3.7,0.8,1.3,0.3,0.5,1.7,7.7
432,Norvel Pelle,C,28,UTA,3,0,6.3,1.0,1.7,.600,0.0,0.0,0,1.0,1.7,.600,.600,0.0,0.0,0,1.0,1.0,2.0,0.0,0.0,0.3,0.7,0.3,2.0
433,Reggie Perry,PF,21,POR,2,0,20.5,2.0,4.5,.444,0.5,1.0,.500,1.5,3.5,.429,.500,1.0,1.0,1.000,1.0,2.5,3.5,1.0,0.5,0.0,0.5,3.0,5.5
434,Jamorko Pickett,PF,24,DET,6,0,7.8,0.2,1.7,.100,0.2,1.2,.143,0.0,0.5,.000,.150,0.0,0.0,0,0.3,1.2,1.5,0.2,0.0,0.2,0.5,0.5,0.5
435,Theo Pinson,SF,26,DAL,12,0,8.0,0.7,2.3,.296,0.4,1.7,.250,0.3,0.6,.429,.389,0.3,0.3,1.000,0.0,1.3,1.3,1.0,0.3,0.2,0.2,0.8,2.1
436,Mason Plumlee,C,31,CHO,38,38,24.6,2.9,4.6,.631,0.0,0.0,.000,2.9,4.6,.634,.631,0.7,2.1,.350,2.3,4.9,7.1,2.7,0.8,0.8,1.2,3.0,6.6
437,Jakob Poeltl,C,26,SAS,39,38,29.1,5.8,9.7,.598,0.0,0.0,0,5.8,9.7,.598,.598,1.2,2.7,.438,4.1,5.0,9.1,2.7,0.7,1.6,1.6,3.0,12.8
438,Aleksej Pokusevski,PF,20,OKC,36,2,15.1,1.9,5.4,.358,0.6,2.4,.230,1.4,2.9,.462,.409,0.2,0.4,.500,0.9,3.1,4.0,1.1,0.5,0.5,1.2,1.2,4.6
439,Yves Pons,SF,22,MEM,6,0,3.5,0.2,0.5,.333,0.2,0.2,1.000,0.0,0.3,.000,.500,0.0,0.3,.000,0.3,0.5,0.8,0.0,0.0,0.0,0.0,0.3,0.5
440,Jordan Poole,SG,22,GSW,41,33,29.4,5.7,13.1,.436,2.5,7.3,.339,3.3,5.9,.556,.530,2.8,3.1,.906,0.3,2.7,3.0,3.3,0.8,0.3,2.4,2.8,16.7
Rk,Player,Pos,Age,Tm,G,GS,MP,FG,FGA,FG%,3P,3PA,3P%,2P,2PA,2P%,eFG%,FT,FTA,FT%,ORB,DRB,TRB,AST,STL,BLK,TOV,PF,PTS
441,Kevin Porter Jr.,PG,21,HOU,31,31,30.2,4.5,11.9,.379,2.0,5.8,.341,2.5,6.1,.416,.462,2.1,3.4,.635,0.7,3.5,4.2,5.9,1.3,0.3,3.6,2.6,13.1
442,Michael Porter Jr.,SF,23,DEN,9,9,29.4,4.1,11.4,.359,1.1,5.3,.208,3.0,6.1,.491,.408,0.6,1.0,.556,1.0,5.6,6.6,1.9,1.1,0.2,1.3,1.8,9.9
443,Otto Porter Jr.,PF,28,GSW,40,8,21.7,3.2,6.7,.472,1.6,3.9,.403,1.6,2.8,.566,.588,0.5,0.7,.714,1.0,4.4,5.3,1.7,1.1,0.5,0.6,1.3,8.4
444,Bobby Portis,C,26,MIL,40,35,28.7,5.8,12.3,.473,1.9,4.5,.414,3.9,7.7,.508,.550,1.5,2.0,.769,2.9,6.6,9.5,1.3,0.7,0.9,1.6,2.8,15.0
445,Kristaps Porziņģis,PF,26,DAL,31,31,30.3,6.9,15.2,.457,1.5,5.2,.290,5.4,9.9,.545,.507,4.5,5.2,.870,2.0,6.0,8.0,2.2,0.7,1.8,1.5,2.5,19.9
446,Micah Potter,C,23,DET,3,0,10.3,1.7,3.7,.455,0.0,0.7,.000,1.7,3.0,.556,.455,0.7,0.7,1.000,1.3,1.7,3.0,0.0,0.3,0.3,0.3,1.3,4.0
447,Dwight Powell,C,30,DAL,47,39,20.2,2.6,4.2,.629,0.3,0.6,.414,2.4,3.6,.667,.660,1.5,2.1,.727,2.0,2.5,4.5,1.1,0.4,0.3,0.7,2.4,7.1
448,Myles Powell,PG,24,PHI,9,0,5.1,0.6,1.8,.313,0.1,0.6,.200,0.4,1.2,.364,.344,0.2,0.2,1.000,0.1,0.4,0.6,0.3,0.1,0.0,0.3,0.7,1.4
449,Norman Powell,SF,28,POR,34,34,32.9,6.2,13.6,.455,2.2,5.5,.399,4.0,8.1,.493,.536,4.0,4.9,.820,0.4,2.5,2.9,2.1,1.0,0.4,1.5,2.3,18.6
450,Joshua Primo,SG,19,SAS,20,4,13.5,1.5,3.9,.377,0.7,2.1,.341,0.8,1.8,.417,.468,0.5,0.6,.833,0.4,1.2,1.6,1.3,0.4,0.5,0.9,0.9,4.1
451,Taurean Prince,PF,27,MIN,35,8,14.6,1.7,4.1,.413,0.9,2.6,.333,0.8,1.5,.547,.517,0.6,0.7,.769,0.4,1.6,2.0,0.8,0.4,0.2,0.6,1.3,4.8
452,Payton Pritchard,SG,24,BOS,38,2,13.3,1.8,4.8,.366,1.1,3.1,.368,0.6,1.7,.364,.484,0.2,0.2,1.000,0.3,1.4,1.8,1.7,0.2,0.1,0.7,0.9,4.9
453,Trevelin Queen,SG,24,HOU,8,0,8.6,1.6,3.6,.448,1.0,2.8,.364,0.6,0.9,.714,.586,0.4,0.4,1.000,0.6,1.1,1.8,0.4,0.6,0.0,0.9,0.8,4.6
454,Neemias Queta,C,22,SAC,6,0,6.7,0.8,2.5,.333,0.0,0.0,0,0.8,2.5,.333,.333,0.5,0.7,.750,1.0,1.2,2.2,0.5,0.2,0.2,0.3,1.2,2.2
455,Immanuel Quickley,PG,22,NYK,44,2,22.4,3.3,8.8,.378,1.8,5.1,.344,1.6,3.8,.424,.477,1.7,1.8,.913,0.4,2.0,2.4,2.9,0.7,0.1,1.3,2.2,10.1
456,Jahmi'us Ramsey,SG,20,SAC,15,0,5.5,0.9,2.3,.412,0.1,0.7,.182,0.8,1.5,.522,.441,0.3,0.7,.500,0.1,0.3,0.3,0.2,0.1,0.1,0.1,0.3,2.3
457,Julius Randle,PF,27,NYK,46,46,35.5,6.8,16.5,.412,1.7,5.5,.311,5.1,10.9,.463,.464,3.6,4.7,.757,1.7,8.2,9.9,5.1,0.8,0.6,3.5,2.8,18.9
458,Austin Reaves,SG,23,LAL,28,0,20.7,2.0,4.1,.483,0.8,2.3,.338,1.2,1.8,.667,.578,1.1,1.3,.865,0.4,2.0,2.5,1.0,0.3,0.1,0.6,1.5,5.9
459,Cam Reddish,SF,22,TOT,35,7,22.9,4.0,9.9,.403,1.7,4.4,.377,2.3,5.5,.424,.487,2.1,2.3,.900,0.6,1.9,2.5,1.1,1.0,0.3,1.3,1.3,11.7
459,Cam Reddish,SF,22,ATL,34,7,23.4,4.1,10.1,.402,1.7,4.5,.379,2.4,5.6,.421,.487,2.1,2.4,.900,0.6,1.9,2.5,1.1,1.0,0.3,1.3,1.3,11.9
459,Cam Reddish,SF,22,NYK,1,0,5.0,1.0,2.0,.500,0.0,1.0,.000,1.0,1.0,1.000,.500,0.0,0.0,0,0.0,2.0,2.0,0.0,0.0,0.0,0.0,0.0,2.0
460,Davon Reed,SG,26,DEN,19,2,16.3,1.7,3.7,.471,0.8,1.8,.441,0.9,1.9,.500,.579,0.2,0.3,.800,0.5,2.4,2.8,1.2,0.8,0.2,0.2,1.8,4.5
Rk,Player,Pos,Age,Tm,G,GS,MP,FG,FGA,FG%,3P,3PA,3P%,2P,2PA,2P%,eFG%,FT,FTA,FT%,ORB,DRB,TRB,AST,STL,BLK,TOV,PF,PTS
461,Paul Reed,C,22,PHI,21,2,8.8,1.0,2.0,.465,0.0,0.2,.000,1.0,1.9,.513,.465,0.1,0.4,.375,1.0,1.3,2.2,0.5,0.6,0.5,0.3,1.3,2.0
462,Naz Reid,C,22,MIN,43,5,16.4,3.1,6.9,.453,0.8,2.4,.333,2.3,4.5,.518,.512,1.6,2.1,.728,1.5,2.6,4.1,0.8,0.5,1.0,1.0,2.2,8.7
463,Nick Richards,C,24,CHO,34,5,8.7,1.5,2.1,.685,0.0,0.0,0,1.5,2.1,.685,.685,0.7,0.9,.774,0.8,1.3,2.1,0.3,0.3,0.6,0.5,1.3,3.6
464,Josh Richardson,SG,28,BOS,36,0,25.1,3.4,7.9,.438,1.4,3.4,.398,2.1,4.4,.469,.525,1.4,1.7,.850,0.6,2.1,2.7,1.5,0.8,0.5,0.8,1.9,9.7
465,Austin Rivers,SG,29,DEN,32,10,20.7,2.1,5.5,.386,1.1,3.6,.310,1.0,1.9,.533,.489,0.4,0.7,.619,0.3,1.4,1.7,1.1,0.5,0.1,0.8,1.6,5.8
466,Duncan Robinson,SG,27,MIA,44,39,27.8,4.0,10.2,.393,3.1,8.6,.358,1.0,1.7,.575,.543,0.7,0.9,.800,0.4,2.8,3.2,1.5,0.7,0.2,0.8,2.7,11.8
467,Justin Robinson,PG,24,TOT,25,0,12.2,1.1,3.7,.301,0.7,2.4,.295,0.4,1.3,.313,.398,0.2,0.3,.500,0.2,0.7,0.8,1.3,0.4,0.0,0.7,1.1,3.1
467,Justin Robinson,PG,24,MIL,17,0,11.6,1.1,3.4,.316,0.6,2.2,.270,0.5,1.2,.400,.404,0.1,0.1,1.000,0.1,0.6,0.8,1.2,0.5,0.0,0.6,1.0,2.8
467,Justin Robinson,PG,24,SAC,3,0,5.0,0.3,2.7,.125,0.0,1.0,.000,0.3,1.7,.200,.125,0.0,0.0,0,0.0,0.3,0.3,0.7,0.0,0.0,0.3,0.7,0.7
467,Justin Robinson,PG,24,DET,5,0,18.2,1.8,5.6,.321,1.6,4.2,.381,0.2,1.4,.143,.464,0.4,1.2,.333,0.4,1.0,1.4,1.8,0.2,0.2,1.0,1.6,5.6
468,Mitchell Robinson,C,23,NYK,43,34,24.9,3.5,4.5,.779,0.0,0.0,0,3.5,4.5,.779,.779,1.3,2.4,.548,3.5,4.8,8.3,0.4,0.5,1.5,0.7,2.6,8.4
469,Jeremiah Robinson-Earl,C,21,OKC,43,35,23.1,2.7,6.6,.403,1.2,3.4,.340,1.5,3.2,.471,.491,0.7,1.0,.707,1.6,4.2,5.8,1.0,0.6,0.3,0.8,1.7,7.1
470,Isaiah Roby,PF,23,OKC,18,5,13.7,2.6,4.7,.560,0.6,1.2,.500,2.0,3.4,.581,.625,0.9,1.2,.762,1.1,2.2,3.3,0.7,0.2,0.3,0.8,1.4,6.7
471,Rajon Rondo,PG,35,TOT,22,0,16.9,1.6,4.5,.364,0.7,2.1,.340,0.9,2.4,.385,.444,0.3,0.4,.750,0.5,2.5,3.0,3.8,0.7,0.2,2.0,1.5,4.3
471,Rajon Rondo,PG,35,LAL,18,0,16.1,1.3,3.9,.324,0.4,1.7,.267,0.8,2.3,.366,.380,0.1,0.1,.500,0.6,2.2,2.7,3.7,0.7,0.3,1.9,1.4,3.1
471,Rajon Rondo,PG,35,CLE,4,0,20.8,3.3,7.0,.464,2.0,4.3,.471,1.3,2.8,.455,.607,1.3,1.5,.833,0.3,3.8,4.0,4.3,1.0,0.0,2.3,2.0,9.8
472,Derrick Rose,PG,33,NYK,26,4,24.5,4.7,10.5,.445,1.4,3.5,.402,3.3,7.0,.467,.513,1.2,1.2,.968,0.8,2.2,3.0,4.0,0.8,0.5,1.5,0.6,12.0
473,Terrence Ross,SG,30,ORL,39,0,25.4,4.0,9.8,.406,1.4,4.5,.310,2.6,5.4,.486,.477,2.3,2.7,.867,0.4,2.4,2.7,2.1,0.5,0.2,1.4,1.3,11.7
474,Terry Rozier,SG,27,CHO,38,38,32.6,6.8,15.7,.432,3.0,8.0,.373,3.8,7.7,.493,.527,2.0,2.4,.806,0.7,3.4,4.1,4.0,1.2,0.4,1.1,1.4,18.5
475,Ricky Rubio,PG,31,CLE,34,8,28.5,4.4,12.1,.363,1.7,5.1,.339,2.6,7.0,.380,.434,2.6,3.0,.854,0.4,3.7,4.1,6.6,1.4,0.2,2.6,2.2,13.1
476,D'Angelo Russell,PG,25,MIN,36,36,32.5,6.6,16.0,.411,3.0,8.6,.354,3.6,7.5,.476,.505,2.8,3.5,.816,0.3,3.3,3.6,7.1,1.0,0.5,2.7,2.2,19.0
477,Domantas Sabonis,C,25,IND,44,43,34.9,7.0,12.2,.577,0.8,2.4,.327,6.3,9.8,.637,.609,4.1,5.5,.744,3.2,8.7,11.9,4.9,1.0,0.4,3.0,3.1,19.0
478,Olivier Sarr,C,22,OKC,2,0,7.0,0.5,1.5,.333,0.0,0.5,.000,0.5,1.0,.500,.333,1.0,1.0,1.000,0.0,2.5,2.5,0.0,0.0,1.0,0.0,0.5,2.0
479,Tomáš Satoranský,SG,30,NOP,31,3,14.9,1.0,3.3,.311,0.2,1.0,.167,0.9,2.4,.370,.335,0.6,0.8,.760,0.6,1.5,2.0,2.3,0.5,0.0,0.7,1.0,2.8
480,Jordan Schakel,SG,23,WAS,2,0,7.0,0.0,3.0,.000,0.0,1.5,.000,0.0,1.5,.000,.000,0.0,0.0,0,1.0,0.5,1.5,0.0,0.0,0.0,0.0,0.0,0.0
Rk,Player,Pos,Age,Tm,G,GS,MP,FG,FGA,FG%,3P,3PA,3P%,2P,2PA,2P%,eFG%,FT,FTA,FT%,ORB,DRB,TRB,AST,STL,BLK,TOV,PF,PTS
481,Admiral Schofield,SF,24,ORL,16,1,13.2,1.5,2.9,.511,0.6,1.6,.346,0.9,1.3,.714,.606,0.1,0.2,.667,0.4,2.3,2.6,0.8,0.1,0.2,0.7,1.6,3.7
482,Dennis Schröder,SG,28,BOS,41,25,31.5,5.7,12.8,.443,1.5,4.1,.359,4.2,8.7,.483,.501,2.8,3.3,.853,0.6,2.8,3.4,4.7,0.9,0.1,2.2,2.4,15.7
483,Tre Scott,SF,25,CLE,2,0,5.5,1.5,3.0,.500,0.0,0.5,.000,1.5,2.5,.600,.500,0.0,0.0,0,0.5,0.5,1.0,0.0,0.5,0.5,0.0,1.0,3.0
484,Jay Scrubb,SG,21,LAC,14,0,6.8,1.1,2.9,.375,0.4,1.4,.263,0.7,1.5,.476,.438,0.3,0.5,.571,0.1,0.6,0.8,0.5,0.2,0.2,0.4,0.4,2.8
485,Wayne Selden,SG,27,NYK,3,0,6.3,0.3,1.3,.250,0.3,0.7,.500,0.0,0.7,.000,.375,0.7,1.3,.500,0.0,0.3,0.3,0.3,0.0,0.0,0.0,0.3,1.7
486,Alperen Şengün,C,19,HOU,39,2,18.0,3.1,6.2,.494,0.3,1.2,.289,2.7,5.1,.540,.521,2.3,3.3,.701,1.7,2.9,4.6,2.6,0.8,0.8,2.0,2.9,8.8
487,Collin Sexton,SG,23,CLE,11,11,28.7,6.2,13.7,.450,1.0,4.1,.244,5.2,9.6,.538,.487,2.6,3.5,.744,1.2,2.1,3.3,2.1,0.9,0.0,2.8,2.3,16.0
488,Landry Shamet,SG,24,PHO,42,7,20.0,2.4,6.5,.371,1.6,4.5,.351,0.8,2.0,.417,.493,1.0,1.2,.843,0.2,1.7,1.9,1.5,0.5,0.1,0.5,1.2,7.4
489,Day'Ron Sharpe,PF,20,BRK,21,7,12.3,2.9,4.9,.592,0.0,0.1,.333,2.9,4.8,.600,.597,0.7,1.1,.652,2.4,2.5,4.9,0.3,0.3,0.6,1.0,2.2,6.6
490,Pascal Siakam,PF,27,TOR,31,31,36.6,8.2,17.0,.480,1.1,3.2,.330,7.1,13.8,.515,.511,3.8,5.3,.720,2.0,6.3,8.3,4.9,1.2,0.7,2.6,3.5,21.2
491,Chris Silva,PF,25,TOT,8,0,8.3,1.0,1.6,.615,0.0,0.0,0,1.0,1.6,.615,.615,1.0,1.3,.800,1.3,2.1,3.4,0.4,0.0,0.0,0.5,1.6,3.0
491,Chris Silva,PF,25,MIN,1,0,3.0,0.0,0.0,0,0.0,0.0,0,0.0,0.0,0,0,0.0,0.0,0,0.0,1.0,1.0,0.0,0.0,0.0,0.0,0.0,0.0
491,Chris Silva,PF,25,MIA,7,0,9.0,1.1,1.9,.615,0.0,0.0,0,1.1,1.9,.615,.615,1.1,1.4,.800,1.4,2.3,3.7,0.4,0.0,0.0,0.6,1.9,3.4
492,Marko Simonovic,C,22,CHI,9,0,3.9,0.4,1.7,.267,0.1,0.6,.200,0.3,1.1,.300,.300,0.9,1.2,.727,0.6,0.6,1.1,0.0,0.1,0.1,0.2,0.7,1.9
493,Anfernee Simons,SG,22,POR,40,13,27.5,5.5,12.3,.443,2.7,6.7,.401,2.8,5.6,.493,.552,1.6,1.7,.913,0.5,2.1,2.6,3.4,0.5,0.2,1.6,1.9,15.2
494,Jericho Sims,PF,23,NYK,14,0,6.4,0.4,0.6,.750,0.0,0.0,0,0.4,0.6,.750,.750,0.2,0.3,.750,0.6,1.0,1.6,0.1,0.1,0.4,0.1,0.4,1.1
495,Deividas Sirvydis,SG,21,DET,3,0,9.0,0.3,3.3,.100,0.3,2.3,.143,0.0,1.0,.000,.150,0.0,0.0,0,0.0,2.0,2.0,0.3,1.0,0.3,0.0,1.3,1.0
496,Javonte Smart,PG,22,MIL,13,1,12.3,0.8,3.3,.256,0.3,1.4,.222,0.5,1.9,.280,.302,0.4,0.5,.833,0.3,1.2,1.5,1.1,0.3,0.2,0.7,0.8,2.4
497,Marcus Smart,PG,27,BOS,39,39,34.0,4.0,10.2,.394,1.5,4.8,.305,2.6,5.4,.474,.466,2.1,2.6,.792,0.6,3.4,4.0,5.3,2.0,0.3,2.1,2.5,11.6
498,Dennis Smith Jr.,PG,24,POR,28,4,17.3,2.3,5.5,.416,0.2,1.0,.222,2.1,4.5,.457,.435,1.1,1.7,.681,0.5,1.8,2.2,3.4,1.2,0.4,1.4,1.4,5.9
499,Ish Smith,PG,33,CHO,30,1,14.1,1.9,5.1,.382,0.3,0.7,.400,1.7,4.4,.379,.408,0.4,0.6,.632,0.2,1.3,1.6,2.7,0.6,0.2,1.1,1.0,4.5
500,Jalen Smith,PF,21,PHO,22,4,13.9,2.4,5.1,.460,0.3,1.4,.233,2.0,3.8,.542,.491,1.5,1.9,.829,2.2,3.3,5.5,0.2,0.2,0.6,0.8,1.7,6.6
Rk,Player,Pos,Age,Tm,G,GS,MP,FG,FGA,FG%,3P,3PA,3P%,2P,2PA,2P%,eFG%,FT,FTA,FT%,ORB,DRB,TRB,AST,STL,BLK,TOV,PF,PTS
501,Xavier Sneed,SF,24,MEM,2,0,4.0,0.0,1.0,.000,0.0,1.0,.000,0.0,0.0,0,.000,0.0,0.0,0,0.5,0.5,1.0,0.0,0.0,0.0,0.0,1.0,0.0
502,Tony Snell,SG,30,POR,32,7,13.2,0.8,2.3,.356,0.6,1.8,.321,0.3,0.5,.471,.479,0.1,0.1,1.000,0.3,1.4,1.7,0.5,0.2,0.1,0.3,1.1,2.3
503,Jaden Springer,SG,19,PHI,2,0,3.0,0.5,0.5,1.000,0.0,0.0,0,0.5,0.5,1.000,1.000,0.0,0.0,0,0.5,0.5,1.0,0.0,0.0,1.0,0.5,0.0,1.0
504,Cassius Stanley,SG,22,DET,8,1,19.0,2.3,5.6,.400,0.5,2.1,.235,1.8,3.5,.500,.444,1.3,1.3,1.000,0.6,1.8,2.4,0.5,0.6,0.3,0.8,2.1,6.3
505,Nik Stauskas,SG,28,MIA,2,0,12.0,1.5,4.0,.375,1.0,2.0,.500,0.5,2.0,.250,.500,1.5,2.0,.750,0.5,1.0,1.5,0.5,0.0,0.0,0.0,0.5,5.5
506,Lance Stephenson,SG-SF,31,TOT,18,0,16.5,2.7,6.1,.445,0.6,2.2,.282,2.1,3.9,.535,.495,0.8,1.1,.737,0.3,2.3,2.6,3.1,0.4,0.1,1.5,1.9,6.8
506,Lance Stephenson,SF,31,ATL,6,0,11.7,0.8,2.2,.385,0.0,0.5,.000,0.8,1.7,.500,.385,0.2,0.3,.500,0.2,2.3,2.5,1.8,0.0,0.0,0.7,1.3,1.8
506,Lance Stephenson,SG,31,IND,12,0,18.9,3.7,8.1,.454,0.9,3.0,.306,2.8,5.1,.541,.510,1.1,1.4,.765,0.3,2.3,2.7,3.8,0.7,0.1,1.9,2.3,9.3
507,Lamar Stevens,PF,24,CLE,32,8,15.2,2.2,4.7,.477,0.4,1.3,.325,1.8,3.4,.532,.520,0.5,0.8,.640,0.8,1.6,2.3,0.7,0.4,0.2,0.6,1.5,5.3
508,Isaiah Stewart,C,20,DET,38,38,25.2,3.4,6.4,.535,0.1,0.6,.143,3.4,5.9,.571,.541,1.0,1.5,.672,2.6,5.3,7.9,1.1,0.3,1.2,1.3,2.9,8.0
509,Max Strus,SF,25,MIA,36,8,23.9,4.0,8.9,.453,2.7,6.5,.409,1.4,2.4,.576,.603,0.9,1.1,.775,0.4,3.0,3.4,1.3,0.3,0.2,0.7,1.6,11.6
510,Jalen Suggs,PG,20,ORL,27,24,27.8,4.4,12.1,.365,1.1,4.3,.248,3.3,7.7,.431,.410,3.0,3.9,.762,0.7,3.1,3.9,4.0,1.2,0.4,3.3,2.9,12.9
511,Craig Sword,SG,28,WAS,3,0,6.3,1.0,1.3,.750,0.0,0.3,.000,1.0,1.0,1.000,.750,0.0,0.0,0,0.0,0.0,0.0,0.3,1.3,0.0,0.3,2.3,2.0
512,Keifer Sykes,PG,28,IND,12,8,22.5,2.9,7.3,.398,1.1,3.4,.317,1.8,3.9,.468,.472,0.7,0.8,.889,0.4,1.8,2.2,2.6,0.5,0.1,1.6,2.1,7.6
513,Jae'Sean Tate,SF,26,HOU,45,44,27.2,5.0,9.8,.503,0.8,2.6,.303,4.2,7.2,.577,.544,1.8,2.6,.701,1.7,4.0,5.7,3.1,0.9,0.6,1.8,3.6,12.5
514,Jayson Tatum,SF,23,BOS,44,44,36.7,8.9,21.1,.422,2.7,8.3,.324,6.2,12.8,.486,.486,5.3,6.3,.845,1.2,7.4,8.6,3.9,0.9,0.8,3.0,2.5,25.8
515,Terry Taylor,SG,22,IND,2,0,3.0,0.0,0.0,0,0.0,0.0,0,0.0,0.0,0,0,0.0,0.0,0,0.0,0.5,0.5,0.5,0.0,0.0,0.0,0.0,0.0
516,Garrett Temple,SG,35,NOP,44,13,19.6,2.1,5.4,.394,1.2,3.4,.345,1.0,2.0,.477,.502,0.5,0.7,.750,0.6,2.1,2.7,1.2,0.8,0.4,0.8,1.6,5.9
517,Emanuel Terry,PF,25,PHO,3,0,6.0,0.0,1.7,.000,0.0,0.0,0,0.0,1.7,.000,.000,0.0,0.0,0,2.7,2.3,5.0,0.7,0.3,0.0,1.7,1.3,0.0
518,Tyrell Terry,PG,21,MEM,2,0,1.5,0.5,0.5,1.000,0.0,0.0,0,0.5,0.5,1.000,1.000,0.0,0.0,0,0.0,0.0,0.0,0.0,0.0,0.0,0.0,0.5,1.0
519,Jon Teske,C,24,MEM,3,0,2.7,0.0,0.3,.000,0.0,0.0,0,0.0,0.3,.000,.000,0.0,0.7,.000,0.0,0.7,0.7,0.3,0.3,0.0,0.0,0.3,0.0
520,Daniel Theis,C,29,HOU,26,21,22.5,3.2,6.9,.469,0.9,3.0,.291,2.3,3.8,.610,.534,1.0,1.5,.675,1.2,3.8,5.0,0.8,0.4,0.7,1.2,2.4,8.4
Rk,Player,Pos,Age,Tm,G,GS,MP,FG,FGA,FG%,3P,3PA,3P%,2P,2PA,2P%,eFG%,FT,FTA,FT%,ORB,DRB,TRB,AST,STL,BLK,TOV,PF,PTS
521,Brodric Thomas,SG,25,BOS,7,0,4.0,0.1,1.3,.111,0.0,0.9,.000,0.1,0.4,.333,.111,0.3,0.3,1.000,0.3,0.4,0.7,0.7,0.0,0.0,0.4,0.1,0.6
522,Cam Thomas,SG,20,BRK,35,1,17.3,3.0,6.9,.436,0.6,2.6,.239,2.4,4.3,.556,.481,0.8,1.0,.800,0.2,2.2,2.4,1.0,0.5,0.1,0.7,0.8,7.5
523,Isaiah Thomas,PG,32,TOT,5,1,22.8,3.0,9.4,.319,1.0,5.0,.200,2.0,4.4,.455,.372,1.6,2.2,.727,0.2,1.4,1.6,2.0,0.0,0.4,1.0,2.4,8.6
523,Isaiah Thomas,PG,32,LAL,4,1,25.3,3.0,9.8,.308,1.3,5.5,.227,1.8,4.3,.412,.372,2.0,2.8,.727,0.3,1.8,2.0,1.5,0.0,0.5,1.3,3.0,9.3
523,Isaiah Thomas,PG,32,DAL,1,0,13.0,3.0,8.0,.375,0.0,3.0,.000,3.0,5.0,.600,.375,0.0,0.0,0,0.0,0.0,0.0,4.0,0.0,0.0,0.0,0.0,6.0
524,Matt Thomas,SG,27,CHI,23,0,12.3,1.6,3.7,.430,1.1,2.5,.439,0.5,1.3,.414,.576,0.4,0.6,.692,0.1,1.1,1.2,0.6,0.3,0.0,0.3,0.5,4.7
525,Klay Thompson,SG,31,GSW,6,6,21.3,5.3,14.3,.372,2.2,7.2,.302,3.2,7.2,.442,.448,1.8,1.8,1.000,0.5,2.3,2.8,2.0,0.7,0.3,1.8,1.3,14.7
526,Tristan Thompson,PF,30,SAC,30,3,15.2,2.5,5.0,.503,0.0,0.0,1.000,2.5,5.0,.500,.507,1.1,2.0,.533,2.4,3.0,5.4,0.6,0.4,0.4,1.0,1.7,6.2
527,JT Thor,PF,19,CHO,12,0,9.7,0.8,2.3,.321,0.3,1.4,.176,0.5,0.9,.545,.375,0.6,0.8,.700,0.5,0.9,1.4,0.6,0.3,0.5,0.3,1.2,2.3
528,Matisse Thybulle,SG,24,PHI,32,17,25.8,2.4,4.9,.487,0.7,2.5,.288,1.7,2.4,.697,.561,0.3,0.4,.692,0.5,1.9,2.4,1.1,1.8,1.1,0.7,2.3,5.8
529,Killian Tillie,C,23,MEM,28,3,13.4,1.3,3.8,.352,0.8,2.4,.328,0.5,1.4,.395,.457,0.2,0.3,.625,0.7,1.1,1.8,0.6,0.8,0.5,0.3,1.6,3.6
530,Xavier Tillman Sr.,PF,23,MEM,37,0,13.6,1.8,4.1,.444,0.2,0.9,.176,1.6,3.2,.521,.464,0.8,1.3,.646,1.2,1.8,3.1,1.1,1.1,0.4,0.7,1.3,4.6
531,Isaiah Todd,PF,20,WAS,9,0,3.9,0.6,1.7,.333,0.4,1.1,.400,0.1,0.6,.200,.467,0.2,0.4,.500,0.2,0.8,1.0,0.1,0.2,0.2,0.1,0.1,1.8
532,Obi Toppin,PF,23,NYK,43,2,15.7,2.9,5.5,.525,0.4,1.6,.229,2.5,3.9,.651,.559,1.3,1.7,.770,1.0,2.7,3.6,1.0,0.3,0.5,0.8,1.4,7.5
533,Juan Toscano-Anderson,SF,28,GSW,45,4,15.5,1.8,3.7,.491,0.4,1.4,.279,1.4,2.3,.615,.542,0.6,1.1,.592,0.5,2.4,2.9,1.9,0.8,0.3,1.1,1.6,4.6
534,Karl-Anthony Towns,C,26,MIN,39,39,34.5,8.6,16.8,.515,2.2,5.5,.404,6.4,11.3,.569,.581,4.8,5.9,.806,2.8,6.4,9.2,3.7,1.1,1.2,3.4,3.7,24.3
535,Gary Trent Jr.,SG,23,TOR,35,34,33.7,6.0,14.4,.415,2.7,7.4,.369,3.2,7.0,.463,.510,1.5,1.8,.825,0.4,2.3,2.7,2.0,1.9,0.4,1.0,2.2,16.2
536,P.J. Tucker,PF,36,MIA,41,40,28.3,3.0,6.1,.492,1.4,3.0,.459,1.7,3.2,.523,.603,0.7,1.0,.692,1.6,4.0,5.6,2.2,0.8,0.3,1.0,2.2,8.1
537,Rayjon Tucker,SG,24,DEN,3,0,9.7,0.3,0.7,.500,0.3,0.7,.500,0.0,0.0,0,.750,1.0,1.3,.750,0.3,1.0,1.3,1.3,0.3,0.0,0.0,1.0,2.0
538,Myles Turner,C,25,IND,42,42,29.4,4.8,9.4,.509,1.5,4.4,.333,3.3,5.0,.662,.587,1.9,2.5,.752,1.5,5.5,7.1,1.0,0.7,2.8,1.3,2.8,12.9
539,Jonas Valančiūnas,C,29,NOP,43,43,31.6,7.0,13.4,.526,1.0,2.4,.417,6.0,11.0,.550,.563,3.3,4.0,.819,3.4,8.6,12.0,2.5,0.5,0.9,2.4,3.2,18.3
540,Denzel Valentine,SG,28,TOT,24,0,9.3,1.0,2.8,.379,0.8,2.0,.404,0.3,0.8,.316,.523,0.0,0.0,0,0.4,1.4,1.8,0.5,0.3,0.0,0.5,0.8,2.9
540,Denzel Valentine,SG,28,CLE,22,0,9.3,1.0,2.8,.371,0.8,2.0,.409,0.2,0.8,.278,.516,0.0,0.0,0,0.4,1.3,1.7,0.5,0.3,0.0,0.5,0.8,2.9
540,Denzel Valentine,SG,28,UTA,2,0,9.0,1.0,2.0,.500,0.5,1.5,.333,0.5,0.5,1.000,.625,0.0,0.0,0,0.0,2.0,2.0,0.0,0.5,0.0,1.0,1.5,2.5
Rk,Player,Pos,Age,Tm,G,GS,MP,FG,FGA,FG%,3P,3PA,3P%,2P,2PA,2P%,eFG%,FT,FTA,FT%,ORB,DRB,TRB,AST,STL,BLK,TOV,PF,PTS
541,Jarred Vanderbilt,PF,22,MIN,41,34,25.8,2.9,4.9,.587,0.0,0.2,.200,2.8,4.7,.607,.592,1.0,1.5,.651,3.2,5.9,9.1,1.3,1.6,0.7,1.0,2.8,6.8
542,Fred VanVleet,PG,27,TOR,41,41,38.2,7.4,17.5,.421,3.9,9.9,.393,3.5,7.6,.458,.533,3.1,3.6,.870,0.8,3.9,4.7,7.0,1.7,0.5,2.6,2.5,21.7
543,Devin Vassell,SF,21,SAS,39,6,25.0,4.4,9.9,.443,1.7,5.0,.351,2.6,4.9,.536,.531,0.8,1.1,.756,0.6,3.6,4.2,1.3,1.0,0.7,0.8,2.2,11.3
544,Gabe Vincent,PG,25,MIA,38,14,22.6,3.2,7.5,.433,1.7,4.5,.380,1.5,3.0,.513,.548,0.8,1.0,.789,0.4,1.5,1.9,3.1,0.9,0.3,1.6,2.3,9.0
545,Nikola Vučević,C,31,CHI,39,39,33.2,6.9,15.8,.434,1.7,5.1,.332,5.2,10.7,.483,.488,1.1,1.5,.741,2.0,9.3,11.3,3.5,1.0,1.2,1.7,2.3,16.5
546,Dean Wade,PF,25,CLE,33,17,18.9,1.8,4.2,.431,0.9,2.7,.341,0.9,1.5,.592,.540,0.4,0.6,.600,0.7,2.5,3.2,1.1,0.5,0.1,0.4,1.5,4.8
547,Franz Wagner,SF,20,ORL,48,48,32.4,5.8,12.9,.453,1.2,3.5,.335,4.7,9.4,.497,.498,2.5,3.0,.847,1.2,3.6,4.8,2.9,1.0,0.5,1.6,2.2,15.4
548,Moritz Wagner,C,24,ORL,38,0,12.4,2.7,5.3,.498,1.0,2.8,.352,1.7,2.5,.663,.591,1.4,1.7,.800,0.4,1.9,2.4,1.0,0.3,0.3,0.7,1.9,7.7
549,Ish Wainright,PF,27,PHO,20,0,6.7,0.7,2.0,.333,0.3,1.1,.227,0.4,0.9,.471,.397,0.1,0.2,.500,0.7,0.6,1.3,0.4,0.4,0.1,0.4,1.2,1.7
550,Kemba Walker,PG,31,NYK,27,27,26.9,4.6,11.1,.415,2.3,5.9,.392,2.3,5.2,.440,.518,1.8,2.2,.814,0.4,2.9,3.3,3.5,0.8,0.2,1.4,1.2,13.3
551,Lonnie Walker IV,SG,23,SAS,43,6,22.8,4.1,10.5,.389,1.5,4.9,.299,2.6,5.6,.469,.459,1.5,1.9,.825,0.2,2.5,2.7,2.3,0.6,0.3,1.0,1.4,11.2
552,M.J. Walker,SG,23,PHO,2,0,4.0,0.0,2.0,.000,0.0,1.0,.000,0.0,1.0,.000,.000,0.0,0.0,0,0.0,0.5,0.5,0.5,1.0,0.0,0.0,0.5,0.0
553,Derrick Walton,PG,26,DET,3,3,36.0,2.0,8.7,.231,1.0,4.3,.231,1.0,4.3,.231,.288,1.3,1.3,1.000,0.7,2.7,3.3,7.0,2.3,1.3,3.7,2.7,6.3
554,Brad Wanamaker,PG,32,TOT,23,2,13.9,1.2,3.3,.364,0.2,0.7,.235,1.0,2.6,.400,.390,1.0,1.1,.920,0.3,1.4,1.7,2.4,0.3,0.3,1.0,2.0,3.6
554,Brad Wanamaker,PG,32,IND,22,1,13.3,1.2,3.3,.361,0.2,0.8,.235,1.0,2.5,.400,.389,0.9,1.0,.909,0.3,1.3,1.6,2.2,0.2,0.3,1.0,1.9,3.5
554,Brad Wanamaker,PG,32,WAS,1,1,27.0,2.0,5.0,.400,0.0,0.0,0,2.0,5.0,.400,.400,3.0,3.0,1.000,0.0,4.0,4.0,7.0,2.0,0.0,0.0,3.0,7.0
555,Duane Washington Jr.,PG,21,IND,16,7,19.4,2.9,7.9,.365,1.5,4.2,.358,1.4,3.7,.373,.460,0.9,1.2,.737,0.1,1.4,1.4,1.8,0.4,0.1,1.1,0.9,8.1
556,P.J. Washington,PF,23,CHO,30,3,24.5,3.5,7.8,.446,1.8,4.5,.404,1.6,3.2,.505,.564,1.1,1.6,.723,1.4,4.1,5.5,2.2,0.7,1.1,1.4,2.5,9.9
557,Yuta Watanabe,SF,27,TOR,19,4,17.0,2.0,5.2,.384,1.0,2.9,.345,1.0,2.3,.432,.480,0.7,1.3,.583,0.7,2.7,3.4,0.8,0.4,0.5,0.7,1.4,5.7
558,Tremont Waters,PG,24,TOT,3,0,16.7,1.3,4.7,.286,0.7,3.0,.222,0.7,1.7,.400,.357,0.0,0.0,0,0.0,1.3,1.3,2.3,1.7,0.0,1.3,1.3,3.3
558,Tremont Waters,PG,24,TOR,2,0,21.0,1.5,6.0,.250,1.0,4.5,.222,0.5,1.5,.333,.333,0.0,0.0,0,0.0,2.0,2.0,3.5,2.0,0.0,2.0,1.0,4.0
558,Tremont Waters,PG,24,WAS,1,0,8.0,1.0,2.0,.500,0.0,0.0,0,1.0,2.0,.500,.500,0.0,0.0,0,0.0,0.0,0.0,0.0,1.0,0.0,0.0,2.0,2.0
559,Trendon Watford,SF,21,POR,20,0,9.6,1.3,2.7,.491,0.0,0.2,.000,1.3,2.5,.531,.491,0.8,1.2,.652,0.8,1.7,2.5,0.8,0.2,0.5,0.7,0.9,3.4
560,Paul Watson,SF,27,OKC,9,3,17.3,1.3,3.9,.343,0.7,2.9,.231,0.7,1.0,.667,.429,0.1,0.2,.500,0.3,2.7,3.0,0.9,0.3,0.3,0.4,1.1,3.4
Rk,Player,Pos,Age,Tm,G,GS,MP,FG,FGA,FG%,3P,3PA,3P%,2P,2PA,2P%,eFG%,FT,FTA,FT%,ORB,DRB,TRB,AST,STL,BLK,TOV,PF,PTS
561,Quinndary Weatherspoon,SG,25,GSW,3,0,5.3,1.3,1.3,1.000,0.0,0.0,0,1.3,1.3,1.000,1.000,0.0,0.0,0,0.0,0.3,0.3,0.0,0.3,0.3,0.3,1.7,2.7
562,Russell Westbrook,PG,33,LAL,47,47,34.9,7.0,16.1,.437,1.0,3.4,.296,6.0,12.7,.475,.468,3.5,5.2,.673,1.4,6.6,8.1,7.8,1.1,0.3,4.1,3.1,18.6
563,Coby White,PG,21,CHI,28,11,27.2,4.6,10.6,.436,1.9,5.5,.351,2.7,5.1,.528,.527,1.5,1.9,.811,0.3,2.6,2.9,2.6,0.6,0.3,1.3,2.3,12.7
564,Derrick White,SG,27,SAS,42,41,30.4,5.0,12.0,.417,1.6,5.3,.299,3.4,6.7,.511,.483,2.9,3.3,.857,0.6,3.0,3.6,5.6,1.1,0.9,1.7,2.3,14.4
565,Hassan Whiteside,C,32,UTA,37,4,16.8,3.3,5.3,.617,0.0,0.0,0,3.3,5.3,.617,.617,1.7,2.5,.677,2.3,4.6,6.9,0.4,0.3,1.3,0.9,2.8,8.2
566,Joe Wieskamp,SG,22,SAS,13,0,5.9,0.8,1.8,.478,0.5,1.3,.412,0.3,0.5,.667,.630,0.2,0.5,.429,0.2,0.4,0.5,0.3,0.2,0.2,0.0,0.4,2.5
567,Aaron Wiggins,SG,23,OKC,29,16,21.6,2.8,5.6,.491,0.8,2.5,.315,2.0,3.1,.633,.561,1.1,1.6,.689,0.8,2.5,3.3,1.0,0.8,0.2,0.9,1.9,7.4
568,Andrew Wiggins,SF,26,GSW,43,43,31.6,6.8,14.1,.482,2.2,5.3,.409,4.6,8.8,.526,.559,2.3,3.5,.669,1.1,3.1,4.2,2.0,0.9,0.6,1.6,1.9,18.2
569,Lindell Wigginton,PG,23,MIL,1,0,5.0,1.0,1.0,1.000,0.0,0.0,0,1.0,1.0,1.000,1.000,0.0,0.0,0,0.0,1.0,1.0,0.0,1.0,0.0,0.0,0.0,2.0
570,Brandon Williams,PG,22,POR,2,0,6.0,1.0,1.5,.667,0.0,0.0,0,1.0,1.5,.667,.667,2.0,3.5,.571,0.0,1.0,1.0,1.0,0.0,0.0,0.0,0.0,4.0
571,Grant Williams,PF,23,BOS,43,13,22.8,2.4,5.0,.484,1.5,3.4,.429,1.0,1.6,.603,.630,0.9,1.0,.889,0.7,2.6,3.3,1.0,0.5,0.7,0.8,2.1,7.2
572,Kenrich Williams,SF,27,OKC,39,0,20.8,2.8,6.2,.455,0.9,2.3,.382,1.9,3.9,.497,.525,0.6,1.1,.535,1.5,2.7,4.1,1.9,0.9,0.1,0.8,1.6,7.1
573,Lou Williams,PG,35,ATL,32,0,14.3,2.4,6.3,.383,0.7,2.1,.309,1.8,4.2,.421,.435,1.3,1.5,.872,0.3,1.3,1.6,1.7,0.5,0.1,0.8,1.0,6.8
574,Patrick Williams,PF,20,CHI,5,5,25.0,2.6,4.6,.565,0.6,1.2,.500,2.0,3.4,.588,.630,0.8,0.8,1.000,0.2,2.0,2.2,0.6,0.6,0.4,0.4,1.8,6.6
575,Robert Williams,C,24,BOS,37,37,29.5,4.3,5.9,.737,0.0,0.0,0,4.3,5.9,.737,.737,1.1,1.6,.689,3.9,5.4,9.2,1.9,0.8,2.1,1.3,2.2,9.8
576,Ziaire Williams,SF,20,MEM,30,9,20.3,2.5,6.4,.398,1.0,3.8,.263,1.5,2.6,.597,.476,0.5,0.6,.833,0.3,1.3,1.6,0.8,0.5,0.2,0.5,1.9,6.6
577,D.J. Wilson,PF,25,TOR,3,1,16.0,2.7,3.7,.727,0.0,0.7,.000,2.7,3.0,.889,.727,2.7,3.3,.800,0.3,4.3,4.7,1.3,1.7,0.3,0.7,1.7,8.0
578,Dylan Windler,SF,25,CLE,32,0,10.5,1.0,2.3,.446,0.7,1.7,.396,0.4,0.7,.571,.588,0.2,0.3,.778,0.4,1.5,1.9,0.8,0.3,0.1,0.4,1.1,2.9
579,Justise Winslow,SF,25,LAC,32,1,11.4,1.6,3.5,.451,0.2,0.8,.208,1.4,2.8,.517,.473,0.4,0.8,.520,0.6,2.5,3.1,1.2,0.5,0.4,0.9,1.1,3.8
580,Cassius Winston,PG,23,WAS,2,0,3.5,0.0,1.0,.000,0.0,1.0,.000,0.0,0.0,0,.000,1.0,1.0,1.000,0.0,0.0,0.0,1.0,0.0,0.0,0.5,0.0,1.0
Rk,Player,Pos,Age,Tm,G,GS,MP,FG,FGA,FG%,3P,3PA,3P%,2P,2PA,2P%,eFG%,FT,FTA,FT%,ORB,DRB,TRB,AST,STL,BLK,TOV,PF,PTS
581,Christian Wood,C,26,HOU,44,43,30.8,6.4,13.4,.481,1.8,4.8,.365,4.7,8.6,.546,.547,2.9,4.6,.623,1.7,8.6,10.3,2.2,0.8,0.9,1.8,2.4,17.5
582,Robert Woodard II,SF,22,SAC,8,0,1.9,0.1,0.5,.250,0.1,0.1,1.000,0.0,0.4,.000,.375,0.3,0.3,1.000,0.0,0.3,0.3,0.0,0.0,0.0,0.1,0.3,0.6
583,Delon Wright,SG,29,ATL,41,4,17.9,1.6,3.5,.451,0.6,1.4,.431,1.0,2.0,.464,.539,0.7,0.9,.806,0.7,2.1,2.8,2.6,0.9,0.2,0.7,0.7,4.4
584,McKinley Wright IV,PG,23,MIN,3,0,3.0,0.7,1.0,.667,0.3,0.7,.500,0.3,0.3,1.000,.833,0.0,0.0,0,0.0,0.0,0.0,0.3,0.0,0.0,0.3,0.3,1.7
585,Moses Wright,PF,23,LAC,1,0,1.0,0.0,0.0,0,0.0,0.0,0,0.0,0.0,0,0,0.0,0.0,0,0.0,0.0,0.0,1.0,0.0,0.0,0.0,0.0,0.0
586,Thaddeus Young,PF,33,SAS,24,0,13.9,2.7,4.8,.560,0.0,0.1,.000,2.7,4.7,.575,.560,0.4,0.8,.450,1.4,2.0,3.4,2.3,0.8,0.3,1.1,1.4,5.8
587,Trae Young,PG,23,ATL,42,42,34.8,9.3,20.5,.455,2.9,7.7,.380,6.4,12.8,.500,.526,6.4,7.1,.900,0.6,3.3,4.0,9.3,1.0,0.1,4.1,1.6,28.0
588,Omer Yurtseven,C,23,MIA,36,10,15.1,2.7,5.2,.521,0.0,0.2,.143,2.7,5.0,.536,.524,0.9,1.4,.640,1.8,4.6,6.4,1.1,0.4,0.5,0.9,1.8,6.4
589,Cody Zeller,C,29,POR,27,0,13.1,1.9,3.3,.567,0.0,0.1,.000,1.9,3.2,.593,.567,1.4,1.8,.776,1.9,2.8,4.6,0.8,0.3,0.2,0.7,2.1,5.2
590,Ivica Zubac,C,24,LAC,44,44,24.7,3.8,5.7,.673,0.0,0.0,0,3.8,5.7,.673,.673,2.3,3.0,.744,2.8,5.4,8.2,1.2,0.5,1.1,1.3,2.5,9.9
